{"perf/test_acc1":86.49966315736793,"best_epoch_f1":86.14721298217773,"_runtime":53773.621456417,"_timestamp":1.7472351903338223e+09,"_step":20001,"perf/test_loss":0.3290703596785056,"perf/f1":86.06857061386108,"lr":1.0001064003751957e-06,"train acc1":85.546875,"loss":0.36651915311813354,"best_epoch_acc1":86.19093206999628,"_wandb":{"runtime":53773},"perf/bal_acc":79.47638630867004,"best_epoch_epoch":12,"best_epoch_bal_acc":81.5249353647232,"confusion_matrix":{"_type":"image-file","sha256":"c490ef72e7ee43e00cd474fece0331604391928e2b74affc3121d4fa9b89356f","size":2306,"path":"media/images/confusion_matrix_20001_c490ef72e7ee43e00cd4.png","format":"png","width":640,"height":480},"epoch":19}