{"best_epoch_f1":86.14721298217773,"confusion_matrix":{"format":"png","width":600,"height":500,"_type":"image-file","sha256":"c60683a245f5f8bc4e934a8c75d3be780579c77bddee97c1ca56faf0ef26f2dc","size":26943,"path":"media/images/confusion_matrix_20002_c60683a245f5f8bc4e93.png"},"best_epoch_acc1":86.19093206999628,"_wandb":{"runtime":107547},"lr":1.0001064003751957e-06,"best_epoch_epoch":12,"train acc1":85.546875,"perf/test_acc1":86.49966315736793,"perf/test_loss":0.3290703596785056,"best_epoch_bal_acc":81.5249353647232,"_runtime":107547.22686574,"_timestamp":1.7472352993369484e+09,"epoch":19,"_step":20002,"perf/bal_acc":79.47638630867004,"perf/f1":86.06857061386108,"loss":0.36651915311813354}