1.916666626930236816e-01,-1.026333332061767578e+00,6.933332979679107666e-02
2.020000070333480835e-01,-1.020666718482971191e+00,1.036666631698608398e-01
2.029999941587448120e-01,-1.018666625022888184e+00,1.209999993443489075e-01
2.090000063180923462e-01,-1.019666671752929688e+00,1.503333300352096558e-01
2.220000028610229492e-01,-1.015666723251342773e+00,1.366666704416275024e-01
1.946666687726974487e-01,-1.016666650772094727e+00,8.200000226497650146e-02
1.916666626930236816e-01,-1.014666676521301270e+00,9.200000017881393433e-02
1.739999949932098389e-01,-1.022333383560180664e+00,8.699999749660491943e-02
1.560000032186508179e-01,-1.018666625022888184e+00,7.699999958276748657e-02
1.319999992847442627e-01,-1.017333388328552246e+00,9.799999743700027466e-02
1.493333280086517334e-01,-1.039000034332275391e+00,1.059999987483024597e-01
1.513333320617675781e-01,-1.024333357810974121e+00,1.010000035166740417e-01
1.583333313465118408e-01,-1.042000055313110352e+00,1.000000014901161194e-01
1.553333401679992676e-01,-1.020666718482971191e+00,9.600000083446502686e-02
1.620000004768371582e-01,-1.017333388328552246e+00,9.899999946355819702e-02
1.790000051259994507e-01,-1.028333306312561035e+00,9.799999743700027466e-02
1.906666606664657593e-01,-1.036000013351440430e+00,8.600000292062759399e-02
1.860000044107437134e-01,-1.009666681289672852e+00,7.133333384990692139e-02
1.770000010728836060e-01,-1.027333378791809082e+00,8.100000023841857910e-02
1.906666606664657593e-01,-1.029999971389770508e+00,8.399999886751174927e-02
1.526666730642318726e-01,-1.015666723251342773e+00,8.966666460037231445e-02
8.799999952316284180e-02,-1.012666702270507812e+00,5.166666582226753235e-02
1.199999973177909851e-01,-1.036000013351440430e+00,8.000000379979610443e-03
1.220000013709068298e-01,-1.031333327293395996e+00,6.000000052154064178e-03
1.360000073909759521e-01,-1.020666718482971191e+00,2.933333255350589752e-02
1.650000065565109253e-01,-1.027333378791809082e+00,7.333333045244216919e-02
1.506666690111160278e-01,-1.034333348274230957e+00,9.200000017881393433e-02
1.659999936819076538e-01,-1.014999985694885254e+00,1.400000005960464478e-01
1.963333338499069214e-01,-1.016999959945678711e+00,1.519999951124191284e-01
1.946666687726974487e-01,-1.004999995231628418e+00,1.700000017881393433e-01
1.749999970197677612e-01,-1.015666723251342773e+00,1.659999936819076538e-01
1.700000017881393433e-01,-1.026999950408935547e+00,1.759999990463256836e-01
1.689999997615814209e-01,-1.014999985694885254e+00,1.700000017881393433e-01
1.829999983310699463e-01,-1.014000058174133301e+00,1.486666649580001831e-01
2.140000015497207642e-01,-1.016999959945678711e+00,1.486666649580001831e-01
2.179999947547912598e-01,-1.011999964714050293e+00,1.389999985694885254e-01
2.169999927282333374e-01,-1.016666650772094727e+00,1.230000033974647522e-01
2.319999933242797852e-01,-1.003999948501586914e+00,1.123333349823951721e-01
2.129999995231628418e-01,-1.019333362579345703e+00,1.199999973177909851e-01
2.070000022649765015e-01,-1.022333383560180664e+00,1.076666638255119324e-01
1.866666674613952637e-01,-1.029999971389770508e+00,9.000000357627868652e-02
1.560000032186508179e-01,-1.026000022888183594e+00,7.199999690055847168e-02
1.493333280086517334e-01,-1.027333378791809082e+00,8.500000089406967163e-02
1.529999971389770508e-01,-1.029999971389770508e+00,1.019999980926513672e-01
1.486666649580001831e-01,-1.026999950408935547e+00,9.799999743700027466e-02
1.309999972581863403e-01,-1.026000022888183594e+00,8.699999749660491943e-02
1.289999932050704956e-01,-1.031000018119812012e+00,8.100000023841857910e-02
1.360000073909759521e-01,-1.036000013351440430e+00,8.900000154972076416e-02
1.340000033378601074e-01,-1.024333357810974121e+00,8.900000154972076416e-02
1.420000046491622925e-01,-1.029000043869018555e+00,7.533333450555801392e-02
1.389999985694885254e-01,-1.022333383560180664e+00,3.433333337306976318e-02
1.476666629314422607e-01,-1.039000034332275391e+00,2.800000086426734924e-02
1.496666669845581055e-01,-1.011000037193298340e+00,3.833333402872085571e-02
1.376666724681854248e-01,-9.990000128746032715e-01,5.566666647791862488e-02
1.563333272933959961e-01,-1.016666650772094727e+00,5.366666615009307861e-02
1.729999929666519165e-01,-1.044000029563903809e+00,9.000000357627868652e-02
1.669999957084655762e-01,-1.018666625022888184e+00,7.900000363588333130e-02
1.780000030994415283e-01,-1.017666697502136230e+00,7.699999958276748657e-02
1.829999983310699463e-01,-1.027333378791809082e+00,9.499999880790710449e-02
1.870000064373016357e-01,-1.026999950408935547e+00,1.083333343267440796e-01
1.780000030994415283e-01,-1.031000018119812012e+00,1.046666651964187622e-01
1.809999942779541016e-01,-1.011666655540466309e+00,7.999999821186065674e-02
1.829999983310699463e-01,-1.019666671752929688e+00,7.699999958276748657e-02
1.640000045299530029e-01,-1.026999950408935547e+00,7.699999958276748657e-02
1.659999936819076538e-01,-1.034999966621398926e+00,7.500000298023223877e-02
1.860000044107437134e-01,-1.014666676521301270e+00,1.113333329558372498e-01
1.840000003576278687e-01,-1.020666718482971191e+00,1.270000040531158447e-01
1.729999929666519165e-01,-1.011000037193298340e+00,8.900000154972076416e-02
2.003333270549774170e-01,-1.030333280563354492e+00,9.366666525602340698e-02
2.280000001192092896e-01,-1.021666646003723145e+00,1.386666595935821533e-01
2.259999960660934448e-01,-1.014999985694885254e+00,1.553333401679992676e-01
2.140000015497207642e-01,-1.016999959945678711e+00,1.389999985694885254e-01
1.889999955892562866e-01,-1.006000041961669922e+00,1.113333329558372498e-01
1.826666593551635742e-01,-1.021666646003723145e+00,1.190000027418136597e-01
1.523333340883255005e-01,-1.034000039100646973e+00,1.129999980330467224e-01
1.456666737794876099e-01,-1.022333383560180664e+00,1.140000000596046448e-01
1.640000045299530029e-01,-1.016999959945678711e+00,1.150000020861625671e-01
1.729999929666519165e-01,-1.034000039100646973e+00,1.220000013709068298e-01
1.523333340883255005e-01,-1.029000043869018555e+00,1.036666631698608398e-01
1.459999978542327881e-01,-1.018666625022888184e+00,9.600000083446502686e-02
1.446666717529296875e-01,-1.031000018119812012e+00,8.299999684095382690e-02
1.589999943971633911e-01,-1.024333357810974121e+00,8.600000292062759399e-02
1.669999957084655762e-01,-1.023333311080932617e+00,7.999999821186065674e-02
1.563333272933959961e-01,-1.011000037193298340e+00,9.399999678134918213e-02
1.589999943971633911e-01,-1.009999990463256836e+00,1.503333300352096558e-01
1.983333379030227661e-01,-1.024333357810974121e+00,2.099999934434890747e-01
1.946666687726974487e-01,-1.027333378791809082e+00,1.640000045299530029e-01
2.150000035762786865e-01,-1.021333336830139160e+00,1.573333293199539185e-01
2.259999960660934448e-01,-1.001999974250793457e+00,1.340000033378601074e-01
2.370000034570693970e-01,-9.940000176429748535e-01,1.613333374261856079e-01
2.419999986886978149e-01,-1.003999948501586914e+00,1.710000038146972656e-01
2.403333336114883423e-01,-1.008999943733215332e+00,1.700000017881393433e-01
2.013333290815353394e-01,-1.010666608810424805e+00,1.710000038146972656e-01
1.550000011920928955e-01,-1.012666702270507812e+00,1.603333353996276855e-01
1.466666609048843384e-01,-1.026999950408935547e+00,1.679999977350234985e-01
1.526666730642318726e-01,-1.022333383560180664e+00,1.539999991655349731e-01
1.589999943971633911e-01,-1.020333290100097656e+00,1.589999943971633911e-01
1.780000030994415283e-01,-1.008999943733215332e+00,1.790000051259994507e-01
1.983333379030227661e-01,-1.016666650772094727e+00,1.850000023841857910e-01
2.259999960660934448e-01,-1.003000020980834961e+00,1.729999929666519165e-01
2.409999966621398926e-01,-1.009999990463256836e+00,1.630000025033950806e-01
2.649999856948852539e-01,-1.009999990463256836e+00,1.550000011920928955e-01
2.863333225250244141e-01,-9.990000128746032715e-01,1.366666704416275024e-01
2.853333353996276855e-01,-1.001000046730041504e+00,8.699999749660491943e-02
2.803333401679992676e-01,-9.990000128746032715e-01,7.033333182334899902e-02
1.566666662693023682e-01,-1.009666681289672852e+00,9.200000017881393433e-02
1.260000020265579224e-01,-1.061666607856750488e+00,6.266666948795318604e-02
1.903333365917205811e-01,-1.019666671752929688e+00,5.900000035762786865e-02
1.739999949932098389e-01,-1.010666608810424805e+00,1.566666737198829651e-02
1.620000004768371582e-01,-1.006000041961669922e+00,3.833333402872085571e-02
1.866666674613952637e-01,-1.023333311080932617e+00,1.066666692495346069e-01
1.829999983310699463e-01,-1.039000034332275391e+00,1.486666649580001831e-01
1.946666687726974487e-01,-1.013666629791259766e+00,1.299999952316284180e-01
2.230000048875808716e-01,-1.011999964714050293e+00,1.379999965429306030e-01
2.423333376646041870e-01,-1.010666608810424805e+00,1.543333381414413452e-01
2.393333315849304199e-01,-1.014666676521301270e+00,1.613333374261856079e-01
1.689999997615814209e-01,-1.016666650772094727e+00,1.539999991655349731e-01
1.879999935626983643e-01,-1.000000000000000000e+00,1.553333401679992676e-01
1.889999955892562866e-01,-1.004999995231628418e+00,1.573333293199539185e-01
2.010000050067901611e-01,-1.022333383560180664e+00,1.710000038146972656e-01
1.986666619777679443e-01,-1.001000046730041504e+00,1.683333367109298706e-01
2.759999930858612061e-01,-9.980000257492065430e-01,1.493333280086517334e-01
2.326666712760925293e-01,-1.014666676521301270e+00,1.420000046491622925e-01
2.266666740179061890e-01,-1.014666676521301270e+00,1.420000046491622925e-01
2.569999992847442627e-01,-9.919999837875366211e-01,1.679999977350234985e-01
2.339999973773956299e-01,-1.001000046730041504e+00,1.729999929666519165e-01
2.479999959468841553e-01,-1.006999969482421875e+00,1.710000038146972656e-01
2.430000007152557373e-01,-1.011000037193298340e+00,1.770000010728836060e-01
2.329999953508377075e-01,-1.001999974250793457e+00,1.739999949932098389e-01
2.479999959468841553e-01,-9.919999837875366211e-01,1.850000023841857910e-01
2.520000040531158447e-01,-1.013666629791259766e+00,1.780000030994415283e-01
2.460000067949295044e-01,-1.008999943733215332e+00,1.533333361148834229e-01
2.619999945163726807e-01,-9.980000257492065430e-01,1.496666669845581055e-01
2.813333272933959961e-01,-9.909999966621398926e-01,1.659999936819076538e-01
2.949999868869781494e-01,-9.813333153724670410e-01,1.506666690111160278e-01
2.873333394527435303e-01,-9.909999966621398926e-01,1.220000013709068298e-01
2.779999971389770508e-01,-1.001999974250793457e+00,1.120000034570693970e-01
2.860000133514404297e-01,-9.929999709129333496e-01,1.260000020265579224e-01
2.739999890327453613e-01,-9.969999790191650391e-01,1.180000007152557373e-01
2.770000100135803223e-01,-1.000000000000000000e+00,1.143333315849304199e-01
2.779999971389770508e-01,-1.001000046730041504e+00,1.076666638255119324e-01
2.689999938011169434e-01,-1.015666723251342773e+00,1.143333315849304199e-01
2.549999952316284180e-01,-1.021333336830139160e+00,1.220000013709068298e-01
2.529999911785125732e-01,-1.016000032424926758e+00,1.309999972581863403e-01
2.680000066757202148e-01,-9.969999790191650391e-01,1.173333302140235901e-01
2.489999979734420776e-01,-1.001000046730041504e+00,1.000000014901161194e-01
2.560000121593475342e-01,-1.026999950408935547e+00,1.143333315849304199e-01
2.579999864101409912e-01,-1.015666723251342773e+00,1.299999952316284180e-01
2.569999992847442627e-01,-9.813333153724670410e-01,1.350000053644180298e-01
2.599999904632568359e-01,-9.863333106040954590e-01,1.319999992847442627e-01
1.583333313465118408e-01,-1.125000000000000000e+00,1.850000023841857910e-01
2.003333270549774170e-01,-1.047000050544738770e+00,1.533333361148834229e-01
3.286666572093963623e-01,-8.230000138282775879e-01,1.953333318233489990e-01
3.473333418369293213e-01,-8.349999785423278809e-01,1.796666681766510010e-01
2.823333442211151123e-01,-1.057999968528747559e+00,9.166666865348815918e-02
2.736666798591613770e-01,-1.041000008583068848e+00,1.553333401679992676e-01
2.680000066757202148e-01,-1.047000050544738770e+00,2.503333389759063721e-01
2.756666541099548340e-01,-9.879999756813049316e-01,2.723333239555358887e-01
2.199999988079071045e-01,-9.679999947547912598e-01,2.013333290815353394e-01
2.310000061988830566e-01,-9.796666502952575684e-01,1.990000009536743164e-01
2.319999933242797852e-01,-1.019666671752929688e+00,1.966666728258132935e-01
2.196666598320007324e-01,-1.202333331108093262e+00,1.973333358764648438e-01
1.953333318233489990e-01,-9.346666932106018066e-01,2.266666740179061890e-01
2.563333213329315186e-01,-6.520000100135803223e-01,3.490000069141387939e-01
1.766666620969772339e-01,-9.903333187103271484e-01,1.710000038146972656e-01
1.603333353996276855e-01,-1.315666675567626953e+00,7.299999892711639404e-02
2.590000033378601074e-01,-9.900000095367431641e-01,1.309999972581863403e-01
2.709999978542327881e-01,-9.480000138282775879e-01,2.493333369493484497e-01
2.883333265781402588e-01,-9.646666646003723145e-01,2.939999997615814209e-01
1.936666667461395264e-01,-9.793333411216735840e-01,1.726666688919067383e-01
1.946666687726974487e-01,-1.037333369255065918e+00,1.476666629314422607e-01
2.416666597127914429e-01,-1.026333332061767578e+00,1.886666715145111084e-01
2.413333356380462646e-01,-1.004999995231628418e+00,2.259999960660934448e-01
2.336666733026504517e-01,-9.726666808128356934e-01,2.326666712760925293e-01
2.873333394527435303e-01,-9.629999995231628418e-01,2.560000121593475342e-01
2.700000107288360596e-01,-9.670000076293945312e-01,2.150000035762786865e-01
2.720000147819519043e-01,-1.025333285331726074e+00,2.080000042915344238e-01
2.423333376646041870e-01,-1.029333353042602539e+00,2.039999961853027344e-01
2.469999939203262329e-01,-9.480000138282775879e-01,2.150000035762786865e-01
2.613333463668823242e-01,-9.403333067893981934e-01,2.240000069141387939e-01
2.720000147819519043e-01,-1.006999969482421875e+00,2.160000056028366089e-01
2.826666533946990967e-01,-1.008000016212463379e+00,2.383333295583724976e-01
2.720000147819519043e-01,-9.893333315849304199e-01,2.346666604280471802e-01
2.823333442211151123e-01,-9.326666593551635742e-01,2.300000041723251343e-01
2.786666750907897949e-01,-9.963333606719970703e-01,2.210000008344650269e-01
2.739999890327453613e-01,-1.014666676521301270e+00,2.373333275318145752e-01
2.786666750907897949e-01,-9.713333249092102051e-01,2.013333290815353394e-01
2.666666805744171143e-01,-8.989999890327453613e-01,2.063333392143249512e-01
2.983333468437194824e-01,-9.843333363533020020e-01,2.553333342075347900e-01
2.563333213329315186e-01,-1.057666659355163574e+00,2.249999940395355225e-01
2.409999966621398926e-01,-1.003666639328002930e+00,1.986666619777679443e-01
2.579999864101409912e-01,-9.923333525657653809e-01,9.966666996479034424e-02
2.493333369493484497e-01,-9.806666374206542969e-01,5.066666752099990845e-02
2.453333288431167603e-01,-9.520000219345092773e-01,7.100000232458114624e-02
2.883333265781402588e-01,-9.696666598320007324e-01,1.169999986886978149e-01
2.660000026226043701e-01,-1.073333382606506348e+00,9.700000286102294922e-02
2.569999992847442627e-01,-1.046000003814697266e+00,1.299999952316284180e-01
2.590000033378601074e-01,-1.020333290100097656e+00,1.400000005960464478e-01
2.226666659116744995e-01,-9.796666502952575684e-01,1.223333328962326050e-01
2.306666672229766846e-01,-9.689999818801879883e-01,1.486666649580001831e-01
2.423333376646041870e-01,-1.054666638374328613e+00,1.250000000000000000e-01
2.169999927282333374e-01,-1.006000041961669922e+00,1.180000007152557373e-01
2.646666765213012695e-01,-9.793333411216735840e-01,1.533333361148834229e-01
2.156666666269302368e-01,-1.047666668891906738e+00,1.253333389759063721e-01
2.033333331346511841e-01,-9.919999837875366211e-01,8.500000089406967163e-02
2.150000035762786865e-01,-1.035333275794982910e+00,9.899999946355819702e-02
1.836666613817214966e-01,-1.036333322525024414e+00,1.103333309292793274e-01
1.923333406448364258e-01,-9.736666679382324219e-01,1.860000044107437134e-01
1.490000039339065552e-01,-1.039000034332275391e+00,1.583333313465118408e-01
8.699999749660491943e-02,-1.073333382606506348e+00,2.433333359658718109e-02
4.466666653752326965e-02,-1.066333293914794922e+00,-3.700000047683715820e-02
7.199999690055847168e-02,-1.044666647911071777e+00,5.166666582226753235e-02
9.499999880790710449e-02,-1.023666620254516602e+00,1.183333322405815125e-01
9.899999946355819702e-02,-1.001000046730041504e+00,1.400000005960464478e-01
8.799999952316284180e-02,-1.085999965667724609e+00,9.466666728258132935e-02
6.800000369548797607e-02,-1.114333391189575195e+00,3.333333507180213928e-02
3.900000080466270447e-02,-1.010666608810424805e+00,8.000000379979610443e-03
6.433333456516265869e-02,-1.047000050544738770e+00,6.899999827146530151e-02
7.800000160932540894e-02,-1.061666607856750488e+00,1.539999991655349731e-01
7.133333384990692139e-02,-1.037333369255065918e+00,1.536666601896286011e-01
5.299999937415122986e-02,-1.023666620254516602e+00,1.209999993443489075e-01
8.900000154972076416e-02,-1.044999957084655762e+00,1.529999971389770508e-01
6.466666609048843384e-02,-1.077000021934509277e+00,1.066666692495346069e-01
5.666666850447654724e-02,-1.067333340644836426e+00,1.143333315849304199e-01
6.899999827146530151e-02,-1.018666625022888184e+00,1.280000060796737671e-01
9.966666996479034424e-02,-1.029333353042602539e+00,1.369999945163726807e-01
1.406666636466979980e-01,-1.037999987602233887e+00,1.199999973177909851e-01
1.826666593551635742e-01,-1.021333336830139160e+00,1.076666638255119324e-01
1.796666681766510010e-01,-1.046000003814697266e+00,1.046666651964187622e-01
5.066666752099990845e-02,-1.156333327293395996e+00,1.580000072717666626e-01
2.103333324193954468e-01,-1.001999974250793457e+00,1.456666737794876099e-01
2.509999871253967285e-01,-8.436666727066040039e-01,6.899999827146530151e-02
2.236666679382324219e-01,-8.633333444595336914e-01,2.233333326876163483e-02
1.866666674613952637e-01,-1.029999971389770508e+00,8.766666799783706665e-02
2.140000015497207642e-01,-1.125000000000000000e+00,1.533333361148834229e-01
2.373333275318145752e-01,-1.131999969482421875e+00,1.913333386182785034e-01
2.013333290815353394e-01,-1.037999987602233887e+00,1.406666636466979980e-01
2.080000042915344238e-01,-9.649999737739562988e-01,1.026666685938835144e-01
2.039999961853027344e-01,-9.746666550636291504e-01,9.600000083446502686e-02
1.969999969005584717e-01,-1.013666629791259766e+00,1.103333309292793274e-01
1.936666667461395264e-01,-1.021666646003723145e+00,1.299999952316284180e-01
1.899999976158142090e-01,-1.009999990463256836e+00,1.449999958276748657e-01
1.770000010728836060e-01,-1.011000037193298340e+00,1.410000026226043701e-01
1.309999972581863403e-01,-1.132333278656005859e+00,1.689999997615814209e-01
1.116666644811630249e-01,-1.115333318710327148e+00,1.780000030994415283e-01
1.163333356380462646e-01,-8.846666812896728516e-01,2.023333311080932617e-01
9.466666728258132935e-02,-8.786666393280029297e-01,1.306666731834411621e-01
1.856666654348373413e-01,-9.316666722297668457e-01,1.230000033974647522e-01
2.160000056028366089e-01,-1.046000003814697266e+00,1.066666692495346069e-01
1.973333358764648438e-01,-1.248333334922790527e+00,1.260000020265579224e-01
3.059999942779541016e-01,-1.064666628837585449e+00,1.766666620969772339e-01
2.579999864101409912e-01,-9.136666655540466309e-01,1.700000017881393433e-01
2.590000033378601074e-01,-9.190000295639038086e-01,1.749999970197677612e-01
2.560000121593475342e-01,-1.008000016212463379e+00,1.076666638255119324e-01
2.416666597127914429e-01,-1.036999940872192383e+00,8.100000023841857910e-02
2.680000066757202148e-01,-1.009666681289672852e+00,1.213333308696746826e-01
2.649999856948852539e-01,-1.001000046730041504e+00,1.513333320617675781e-01
2.826666533946990967e-01,-9.893333315849304199e-01,1.456666737794876099e-01
3.160000145435333252e-01,-9.893333315849304199e-01,9.866666793823242188e-02
3.569999933242797852e-01,-9.610000252723693848e-01,9.399999678134918213e-02
3.810000121593475342e-01,-9.923333525657653809e-01,1.006666645407676697e-01
3.650000095367431641e-01,-9.980000257492065430e-01,8.900000154972076416e-02
3.736666738986968994e-01,-9.570000171661376953e-01,1.309999972581863403e-01
3.429999947547912598e-01,-9.499999880790710449e-01,1.193333342671394348e-01
3.510000109672546387e-01,-9.959999918937683105e-01,1.360000073909759521e-01
3.313333392143249512e-01,-9.923333525657653809e-01,7.699999958276748657e-02
3.136666715145111084e-01,-1.061666607856750488e+00,5.966666713356971741e-02
3.196666538715362549e-01,-9.746666550636291504e-01,9.399999678134918213e-02
3.403333425521850586e-01,-9.190000295639038086e-01,1.640000045299530029e-01
3.009999990463256836e-01,-9.883333444595336914e-01,1.133333370089530945e-01
3.323333263397216797e-01,-1.023666620254516602e+00,9.200000017881393433e-02
3.079999983310699463e-01,-9.903333187103271484e-01,5.900000035762786865e-02
3.089999854564666748e-01,-9.853333234786987305e-01,6.666667014360427856e-02
3.210000097751617432e-01,-9.929999709129333496e-01,9.499999880790710449e-02
3.079999983310699463e-01,-9.813333153724670410e-01,1.173333302140235901e-01
2.969999909400939941e-01,-9.969999790191650391e-01,1.183333322405815125e-01
2.930000126361846924e-01,-9.883333444595336914e-01,7.599999755620956421e-02
3.000000119209289551e-01,-1.012666702270507812e+00,7.533333450555801392e-02
2.960000038146972656e-01,-9.929999709129333496e-01,7.933333516120910645e-02
2.846666574478149414e-01,-9.933333396911621094e-01,8.600000292062759399e-02
2.759999930858612061e-01,-9.853333234786987305e-01,8.200000226497650146e-02
2.660000026226043701e-01,-1.010666608810424805e+00,8.100000023841857910e-02
2.750000059604644775e-01,-1.003999948501586914e+00,6.066666543483734131e-02
2.899999916553497314e-01,-1.013333320617675781e+00,6.433333456516265869e-02
2.980000078678131104e-01,-9.903333187103271484e-01,8.900000154972076416e-02
3.050000071525573730e-01,-9.940000176429748535e-01,8.399999886751174927e-02
2.746666669845581055e-01,-1.017666697502136230e+00,7.999999821186065674e-02
2.450000047683715820e-01,-1.022333383560180664e+00,6.466666609048843384e-02
2.363333404064178467e-01,-9.893333315849304199e-01,9.200000017881393433e-02
2.700000107288360596e-01,-1.013666629791259766e+00,1.123333349823951721e-01
2.523333430290222168e-01,-1.001000046730041504e+00,5.666666850447654724e-02
2.560000121593475342e-01,-1.036333322525024414e+00,6.566666811704635620e-02
2.579999864101409912e-01,-1.021333336830139160e+00,1.243333369493484497e-01
2.453333288431167603e-01,-1.009666681289672852e+00,1.183333322405815125e-01
2.366666644811630249e-01,-1.036333322525024414e+00,8.900000154972076416e-02
2.403333336114883423e-01,-9.746666550636291504e-01,1.260000020265579224e-01
2.540000081062316895e-01,-9.853333234786987305e-01,1.620000004768371582e-01
2.230000048875808716e-01,-1.004999995231628418e+00,1.650000065565109253e-01
1.653333306312561035e-01,-1.125333309173583984e+00,1.430000066757202148e-01
1.553333401679992676e-01,-1.098666667938232422e+00,1.056666672229766846e-01
2.020000070333480835e-01,-9.723333120346069336e-01,9.966666996479034424e-02
1.856666654348373413e-01,-9.580000042915344238e-01,4.966666549444198608e-02
1.916666626930236816e-01,-9.533333182334899902e-01,2.000000094994902611e-03
1.850000023841857910e-01,-9.726666808128356934e-01,-4.000000189989805222e-03
1.826666593551635742e-01,-1.029333353042602539e+00,2.800000086426734924e-02
1.953333318233489990e-01,-1.052666664123535156e+00,4.766666516661643982e-02
1.700000017881393433e-01,-1.185666680335998535e+00,4.566666483879089355e-02
1.536666601896286011e-01,-1.025666713714599609e+00,1.733333244919776917e-02
1.756666600704193115e-01,-8.876666426658630371e-01,7.633333653211593628e-02
1.306666731834411621e-01,-9.413333535194396973e-01,4.966666549444198608e-02
1.679999977350234985e-01,-1.022333383560180664e+00,4.500000178813934326e-02
1.876666694879531860e-01,-1.032333374023437500e+00,5.566666647791862488e-02
1.790000051259994507e-01,-1.058666706085205078e+00,4.666666686534881592e-02
1.679999977350234985e-01,-1.026000022888183594e+00,3.433333337306976318e-02
1.749999970197677612e-01,-1.057000041007995605e+00,5.600000172853469849e-02
1.446666717529296875e-01,-1.004666686058044434e+00,3.133333474397659302e-02
1.809999942779541016e-01,-9.969999790191650391e-01,7.333333045244216919e-02
1.640000045299530029e-01,-1.000000000000000000e+00,6.166666746139526367e-02
1.826666593551635742e-01,-1.063333392143249512e+00,6.133333221077919006e-02
1.809999942779541016e-01,-1.027333378791809082e+00,2.366666682064533234e-02
1.993333399295806885e-01,-1.001999974250793457e+00,5.966666713356971741e-02
2.013333290815353394e-01,-1.007666707038879395e+00,6.533333659172058105e-02
2.109999954700469971e-01,-1.012333273887634277e+00,5.400000140070915222e-02
2.123333364725112915e-01,-1.046000003814697266e+00,8.033332973718643188e-02
2.099999934434890747e-01,-1.016666650772094727e+00,8.100000023841857910e-02
2.189999967813491821e-01,-1.009666681289672852e+00,6.633333116769790649e-02
2.080000042915344238e-01,-1.027333378791809082e+00,4.100000113248825073e-02
1.933333277702331543e-01,-1.029333353042602539e+00,3.799999877810478210e-02
2.090000063180923462e-01,-9.890000224113464355e-01,9.099999815225601196e-02
2.160000056028366089e-01,-1.014000058174133301e+00,1.046666651964187622e-01
2.119999974966049194e-01,-1.006000041961669922e+00,9.966666996479034424e-02
2.033333331346511841e-01,-1.052000045776367188e+00,1.010000035166740417e-01
2.090000063180923462e-01,-1.009666681289672852e+00,9.499999880790710449e-02
2.070000022649765015e-01,-1.011000037193298340e+00,7.800000160932540894e-02
2.160000056028366089e-01,-1.020333290100097656e+00,9.099999815225601196e-02
2.160000056028366089e-01,-1.015666723251342773e+00,1.046666651964187622e-01
2.099999934434890747e-01,-1.012666702270507812e+00,8.600000292062759399e-02
2.029999941587448120e-01,-1.026333332061767578e+00,8.900000154972076416e-02
2.070000022649765015e-01,-1.014999985694885254e+00,1.056666672229766846e-01
2.266666740179061890e-01,-1.026999950408935547e+00,1.400000005960464478e-01
2.020000070333480835e-01,-1.000000000000000000e+00,1.180000007152557373e-01
2.140000015497207642e-01,-1.017333388328552246e+00,1.083333343267440796e-01
2.240000069141387939e-01,-1.017666697502136230e+00,1.299999952316284180e-01
2.210000008344650269e-01,-1.008999943733215332e+00,1.330000013113021851e-01
2.280000001192092896e-01,-1.020333290100097656e+00,1.180000007152557373e-01
2.109999954700469971e-01,-1.008000016212463379e+00,1.143333315849304199e-01
2.356666624546051025e-01,-1.000000000000000000e+00,1.309999972581863403e-01
2.150000035762786865e-01,-9.873333573341369629e-01,1.230000033974647522e-01
2.413333356380462646e-01,-1.020666718482971191e+00,1.340000033378601074e-01
2.073333263397216797e-01,-1.055999994277954102e+00,7.699999958276748657e-02
2.240000069141387939e-01,-1.028333306312561035e+00,7.900000363588333130e-02
2.073333263397216797e-01,-9.843333363533020020e-01,7.733333110809326172e-02
2.290000021457672119e-01,-1.003999948501586914e+00,1.036666631698608398e-01
2.249999940395355225e-01,-1.004999995231628418e+00,8.699999749660491943e-02
2.109999954700469971e-01,-9.763333201408386230e-01,9.099999815225601196e-02
2.230000048875808716e-01,-1.033333301544189453e+00,1.093333363533020020e-01
2.179999947547912598e-01,-1.052000045776367188e+00,1.000000014901161194e-01
2.020000070333480835e-01,-1.042999982833862305e+00,7.033333182334899902e-02
1.936666667461395264e-01,-1.009999990463256836e+00,9.700000286102294922e-02
1.973333358764648438e-01,-9.909999966621398926e-01,1.153333336114883423e-01
1.926666647195816040e-01,-1.012666702270507812e+00,9.899999946355819702e-02
2.060000002384185791e-01,-1.017666697502136230e+00,1.190000027418136597e-01
2.073333263397216797e-01,-1.052999973297119141e+00,1.146666631102561951e-01
1.826666593551635742e-01,-1.016666650772094727e+00,9.600000083446502686e-02
2.083333283662796021e-01,-1.006999969482421875e+00,1.076666638255119324e-01
2.140000015497207642e-01,-9.950000047683715820e-01,1.389999985694885254e-01
2.093333303928375244e-01,-9.969999790191650391e-01,1.439999938011169434e-01
2.129999995231628418e-01,-1.026000022888183594e+00,1.319999992847442627e-01
1.909999996423721313e-01,-1.034999966621398926e+00,1.123333349823951721e-01
1.926666647195816040e-01,-1.050999999046325684e+00,1.199999973177909851e-01
1.770000010728836060e-01,-1.024333357810974121e+00,1.239999979734420776e-01
1.759999990463256836e-01,-9.736666679382324219e-01,1.469999998807907104e-01
1.800000071525573730e-01,-9.756666421890258789e-01,1.603333353996276855e-01
1.749999970197677612e-01,-1.022333383560180664e+00,1.503333300352096558e-01
1.640000045299530029e-01,-1.056666612625122070e+00,1.159999966621398926e-01
1.580000072717666626e-01,-1.057999968528747559e+00,1.046666651964187622e-01
1.506666690111160278e-01,-1.023333311080932617e+00,1.369999945163726807e-01
1.476666629314422607e-01,-1.008999943733215332e+00,1.550000011920928955e-01
1.299999952316284180e-01,-9.879999756813049316e-01,1.533333361148834229e-01
1.299999952316284180e-01,-1.023333311080932617e+00,1.589999943971633911e-01
1.260000020265579224e-01,-1.046000003814697266e+00,1.533333361148834229e-01
1.073333323001861572e-01,-1.050999999046325684e+00,1.169999986886978149e-01
1.096666678786277771e-01,-1.029999971389770508e+00,1.400000005960464478e-01
1.076666638255119324e-01,-1.039999961853027344e+00,1.593333333730697632e-01
9.566666930913925171e-02,-1.024333357810974121e+00,1.416666656732559204e-01
1.133333370089530945e-01,-1.026000022888183594e+00,1.623333394527435303e-01
9.600000083446502686e-02,-1.016000032424926758e+00,1.449999958276748657e-01
1.143333315849304199e-01,-1.014666676521301270e+00,1.640000045299530029e-01
1.163333356380462646e-01,-1.017666697502136230e+00,1.346666663885116577e-01
1.123333349823951721e-01,-1.007666707038879395e+00,1.346666663885116577e-01
1.406666636466979980e-01,-9.940000176429748535e-01,1.800000071525573730e-01
5.766666680574417114e-02,-1.075999975204467773e+00,1.553333401679992676e-01
4.966666549444198608e-02,-1.142333388328552246e+00,2.423333376646041870e-01
-1.000000047497451305e-03,-1.085000038146972656e+00,2.073333263397216797e-01
5.666666664183139801e-03,-1.003000020980834961e+00,2.060000002384185791e-01
-8.999999612569808960e-03,-1.023333311080932617e+00,1.776666641235351562e-01
3.599999845027923584e-02,-1.015666723251342773e+00,1.700000017881393433e-01
3.299999982118606567e-02,-1.044000029563903809e+00,1.659999936819076538e-01
8.133333176374435425e-02,-1.030333280563354492e+00,1.860000044107437134e-01
5.900000035762786865e-02,-1.021666646003723145e+00,1.573333293199539185e-01
7.233333587646484375e-02,-1.037999987602233887e+00,1.299999952316284180e-01
8.500000089406967163e-02,-1.044999957084655762e+00,1.496666669845581055e-01
1.133333370089530945e-01,-1.031333327293395996e+00,1.650000065565109253e-01
1.213333308696746826e-01,-9.843333363533020020e-01,1.563333272933959961e-01
1.199999973177909851e-01,-1.044000029563903809e+00,1.466666609048843384e-01
1.420000046491622925e-01,-1.029333353042602539e+00,1.086666658520698547e-01
1.449999958276748657e-01,-1.019666671752929688e+00,9.166666865348815918e-02
1.726666688919067383e-01,-1.061333298683166504e+00,1.643333286046981812e-01
1.973333358764648438e-01,-1.032333374023437500e+00,1.876666694879531860e-01
1.519999951124191284e-01,-1.024666666984558105e+00,1.749999970197677612e-01
1.439999938011169434e-01,-1.020333290100097656e+00,1.239999979734420776e-01
1.523333340883255005e-01,-1.009999990463256836e+00,1.270000040531158447e-01
1.659999936819076538e-01,-1.012666702270507812e+00,1.466666609048843384e-01
1.956666707992553711e-01,-1.023000001907348633e+00,2.060000002384185791e-01
1.550000011920928955e-01,-1.034333348274230957e+00,1.700000017881393433e-01
1.466666609048843384e-01,-1.016666650772094727e+00,1.350000053644180298e-01
1.449999958276748657e-01,-1.011999964714050293e+00,1.330000013113021851e-01
1.466666609048843384e-01,-1.026000022888183594e+00,1.653333306312561035e-01
1.620000004768371582e-01,-1.016666650772094727e+00,2.020000070333480835e-01
1.386666595935821533e-01,-1.032999992370605469e+00,1.679999977350234985e-01
1.199999973177909851e-01,-1.023333311080932617e+00,1.389999985694885254e-01
1.270000040531158447e-01,-1.023333311080932617e+00,1.720000058412551880e-01
1.280000060796737671e-01,-1.016999959945678711e+00,1.889999955892562866e-01
1.556666642427444458e-01,-1.020333290100097656e+00,1.700000017881393433e-01
2.343333363533020020e-01,-1.014000058174133301e+00,1.543333381414413452e-01
2.199999988079071045e-01,-1.008000016212463379e+00,1.406666636466979980e-01
1.906666606664657593e-01,-1.003000020980834961e+00,1.340000033378601074e-01
2.010000050067901611e-01,-1.017666697502136230e+00,1.580000072717666626e-01
2.039999961853027344e-01,-1.020333290100097656e+00,1.533333361148834229e-01
2.070000022649765015e-01,-1.001000046730041504e+00,1.449999958276748657e-01
2.010000050067901611e-01,-1.014999985694885254e+00,1.439999938011169434e-01
1.953333318233489990e-01,-1.018666625022888184e+00,1.493333280086517334e-01
2.060000002384185791e-01,-1.006999969482421875e+00,1.449999958276748657e-01
2.000000029802322388e-01,-1.014000058174133301e+00,1.430000066757202148e-01
1.990000009536743164e-01,-1.013000011444091797e+00,1.420000046491622925e-01
2.000000029802322388e-01,-1.019666671752929688e+00,1.480000019073486328e-01
2.109999954700469971e-01,-1.011999964714050293e+00,1.469999998807907104e-01
1.979999989271163940e-01,-1.019666671752929688e+00,1.519999951124191284e-01
1.979999989271163940e-01,-1.013000011444091797e+00,1.436666697263717651e-01
2.010000050067901611e-01,-1.014999985694885254e+00,1.439999938011169434e-01
1.969999969005584717e-01,-1.014999985694885254e+00,1.420000046491622925e-01
1.969999969005584717e-01,-1.014999985694885254e+00,1.506666690111160278e-01
2.000000029802322388e-01,-1.013000011444091797e+00,1.379999965429306030e-01
2.080000042915344238e-01,-1.011000037193298340e+00,1.340000033378601074e-01
2.280000001192092896e-01,-1.011999964714050293e+00,1.319999992847442627e-01
2.396666705608367920e-01,-1.008000016212463379e+00,1.369999945163726807e-01
2.319999933242797852e-01,-1.008999943733215332e+00,1.309999972581863403e-01
2.360000014305114746e-01,-1.011000037193298340e+00,1.330000013113021851e-01
2.240000069141387939e-01,-1.013000011444091797e+00,1.299999952316284180e-01
2.300000041723251343e-01,-1.008999943733215332e+00,1.309999972581863403e-01
2.370000034570693970e-01,-1.006999969482421875e+00,1.289999932050704956e-01
2.509999871253967285e-01,-1.004999995231628418e+00,1.230000033974647522e-01
2.569999992847442627e-01,-1.001000046730041504e+00,1.260000020265579224e-01
2.610000073909759521e-01,-1.000000000000000000e+00,1.280000060796737671e-01
2.599999904632568359e-01,-1.003999948501586914e+00,1.309999972581863403e-01
2.590000033378601074e-01,-1.003999948501586914e+00,1.319999992847442627e-01
2.440000027418136597e-01,-1.015666723251342773e+00,1.190000027418136597e-01
2.560000121593475342e-01,-9.990000128746032715e-01,1.230000033974647522e-01
2.549999952316284180e-01,-1.001999974250793457e+00,1.163333356380462646e-01
2.590000033378601074e-01,-9.929999709129333496e-01,1.220000013709068298e-01
2.649999856948852539e-01,-1.003999948501586914e+00,1.386666595935821533e-01
2.630000114440917969e-01,-1.019666671752929688e+00,1.513333320617675781e-01
2.366666644811630249e-01,-1.013000011444091797e+00,1.143333315849304199e-01
2.569999992847442627e-01,-9.860000014305114746e-01,1.190000027418136597e-01
2.590000033378601074e-01,-9.796666502952575684e-01,1.336666643619537354e-01
2.649999856948852539e-01,-1.020333290100097656e+00,1.819999963045120239e-01
2.569999992847442627e-01,-1.004999995231628418e+00,1.506666690111160278e-01
2.500000000000000000e-01,-9.860000014305114746e-01,1.350000053644180298e-01
2.489999979734420776e-01,-1.022333383560180664e+00,1.689999997615814209e-01
2.430000007152557373e-01,-1.006000041961669922e+00,1.546666622161865234e-01
2.460000067949295044e-01,-9.756666421890258789e-01,1.369999945163726807e-01
2.509999871253967285e-01,-1.006666660308837891e+00,1.486666649580001831e-01
2.500000000000000000e-01,-1.009666681289672852e+00,1.446666717529296875e-01
2.460000067949295044e-01,-1.003666639328002930e+00,1.486666649580001831e-01
2.413333356380462646e-01,-1.020666718482971191e+00,1.356666684150695801e-01
2.469999939203262329e-01,-9.909999966621398926e-01,1.400000005960464478e-01
2.473333328962326050e-01,-9.959999918937683105e-01,1.476666629314422607e-01
2.540000081062316895e-01,-9.973333477973937988e-01,1.466666609048843384e-01
2.376666665077209473e-01,-1.002666711807250977e+00,1.379999965429306030e-01
2.376666665077209473e-01,-1.041000008583068848e+00,1.369999945163726807e-01
2.276666611433029175e-01,-1.014666676521301270e+00,1.350000053644180298e-01
2.290000021457672119e-01,-9.996666908264160156e-01,1.369999945163726807e-01
2.189999967813491821e-01,-1.001000046730041504e+00,1.436666697263717651e-01
2.240000069141387939e-01,-1.014666676521301270e+00,1.410000026226043701e-01
2.220000028610229492e-01,-1.011000037193298340e+00,1.406666636466979980e-01
2.290000021457672119e-01,-1.000333309173583984e+00,1.486666649580001831e-01
2.179999947547912598e-01,-1.010666608810424805e+00,1.400000005960464478e-01
2.249999940395355225e-01,-1.004999995231628418e+00,1.199999973177909851e-01
2.413333356380462646e-01,-9.893333315849304199e-01,1.123333349823951721e-01
2.443333268165588379e-01,-9.700000286102294922e-01,1.406666636466979980e-01
2.560000121593475342e-01,-9.689999818801879883e-01,1.496666669845581055e-01
2.450000047683715820e-01,-1.011666655540466309e+00,1.159999966621398926e-01
2.339999973773956299e-01,-1.041000008583068848e+00,1.083333343267440796e-01
2.169999927282333374e-01,-1.006999969482421875e+00,1.086666658520698547e-01
2.150000035762786865e-01,-9.959999918937683105e-01,1.230000033974647522e-01
2.119999974966049194e-01,-1.019333362579345703e+00,1.199999973177909851e-01
1.966666728258132935e-01,-1.020666718482971191e+00,1.120000034570693970e-01
1.920000016689300537e-01,-1.026333332061767578e+00,1.143333315849304199e-01
1.669999957084655762e-01,-1.042000055313110352e+00,1.016666665673255920e-01
1.640000045299530029e-01,-1.025333285331726074e+00,1.103333309292793274e-01
1.710000038146972656e-01,-1.023333311080932617e+00,1.299999952316284180e-01
1.720000058412551880e-01,-1.010333299636840820e+00,1.150000020861625671e-01
1.720000058412551880e-01,-9.980000257492065430e-01,8.900000154972076416e-02
1.406666636466979980e-01,-1.007666707038879395e+00,7.400000095367431641e-02
1.659999936819076538e-01,-9.783333539962768555e-01,6.166666746139526367e-02
2.169999927282333374e-01,-9.873333573341369629e-01,9.866666793823242188e-02
4.000000189989805222e-03,-1.244333386421203613e+00,6.633333116769790649e-02
6.266666948795318604e-02,-1.169000029563903809e+00,1.679999977350234985e-01
1.796666681766510010e-01,-9.853333234786987305e-01,2.150000035762786865e-01
1.563333272933959961e-01,-9.629999995231628418e-01,8.600000292062759399e-02
1.220000013709068298e-01,-9.863333106040954590e-01,-2.733333408832550049e-02
1.203333362936973572e-01,-1.037999987602233887e+00,-4.300000146031379700e-02
1.720000058412551880e-01,-1.006000041961669922e+00,1.136666685342788696e-01
2.296666651964187622e-01,-1.021333336830139160e+00,2.150000035762786865e-01
2.210000008344650269e-01,-1.011666655540466309e+00,1.340000033378601074e-01
2.700000107288360596e-01,-1.031333327293395996e+00,4.100000113248825073e-02
3.433333337306976318e-01,-1.026999950408935547e+00,-1.300000026822090149e-02
3.600000143051147461e-01,-9.386666417121887207e-01,-4.199999943375587463e-02
4.390000104904174805e-01,-9.636666774749755859e-01,9.666666388511657715e-03
4.836666584014892578e-01,-1.159000039100646973e+00,-4.500000178813934326e-02
2.739999890327453613e-01,-1.008999943733215332e+00,-1.389999985694885254e-01
4.670000076293945312e-01,-9.210000038146972656e-01,1.556666642427444458e-01
4.009999930858612061e-01,-9.079999923706054688e-01,1.340000033378601074e-01
3.423333466053009033e-01,-1.005666613578796387e+00,-1.666666753590106964e-02
2.303333282470703125e-01,-1.052666664123535156e+00,-1.933333277702331543e-01
3.079999983310699463e-01,-1.029333353042602539e+00,-1.066666692495346069e-01
3.860000073909759521e-01,-9.530000090599060059e-01,2.133333310484886169e-02
3.589999973773956299e-01,-1.016000032424926758e+00,-3.999999910593032837e-02
3.499999940395355225e-01,-9.913333058357238770e-01,-1.426666676998138428e-01
3.510000109672546387e-01,-9.676666855812072754e-01,-1.503333300352096558e-01
3.400000035762786865e-01,-1.006999969482421875e+00,-7.033333182334899902e-02
3.363333344459533691e-01,-9.716666936874389648e-01,-1.866666600108146667e-02
3.273333311080932617e-01,-9.990000128746032715e-01,-8.299999684095382690e-02
3.196666538715362549e-01,-1.006666660308837891e+00,-1.309999972581863403e-01
3.420000076293945312e-01,-9.756666421890258789e-01,-1.270000040531158447e-01
3.646666705608367920e-01,-1.076333284378051758e+00,-1.180000007152557373e-01
3.236666619777679443e-01,-9.969999790191650391e-01,-1.180000007152557373e-01
3.580000102519989014e-01,-9.326666593551635742e-01,-9.600000083446502686e-02
3.970000147819519043e-01,-1.029999971389770508e+00,-6.333333253860473633e-02
3.790000081062316895e-01,-1.055999994277954102e+00,-7.233333587646484375e-02
3.459999859333038330e-01,-1.017333388328552246e+00,-1.563333272933959961e-01
3.116666674613952637e-01,-9.383333325386047363e-01,-2.129999995231628418e-01
3.753333389759063721e-01,-9.620000123977661133e-01,-1.309999972581863403e-01
3.899999856948852539e-01,-9.883333444595336914e-01,-1.173333302140235901e-01
3.910000026226043701e-01,-1.016666650772094727e+00,-1.299999952316284180e-01
3.646666705608367920e-01,-1.004999995231628418e+00,-1.340000033378601074e-01
3.910000026226043701e-01,-1.028333306312561035e+00,-1.400000005960464478e-01
3.619999885559082031e-01,-9.666666388511657715e-01,-1.689999997615814209e-01
3.499999940395355225e-01,-9.403333067893981934e-01,-1.829999983310699463e-01
3.970000147819519043e-01,-9.706666469573974609e-01,-1.603333353996276855e-01
3.676666617393493652e-01,-9.913333058357238770e-01,-1.836666613817214966e-01
3.650000095367431641e-01,-1.022666692733764648e+00,-1.739999949932098389e-01
3.529999852180480957e-01,-9.366666674613952637e-01,-1.659999936819076538e-01
3.773333430290222168e-01,-9.629999995231628418e-01,-1.273333281278610229e-01
3.829999864101409912e-01,-9.686666727066040039e-01,-1.133333370089530945e-01
3.813333213329315186e-01,-1.006000041961669922e+00,-1.319999992847442627e-01
3.606666624546051025e-01,-9.676666855812072754e-01,-1.563333272933959961e-01
3.680000007152557373e-01,-9.806666374206542969e-01,-1.360000073909759521e-01
3.670000135898590088e-01,-1.007666707038879395e+00,-1.389999985694885254e-01
3.703333437442779541e-01,-9.646666646003723145e-01,-1.180000007152557373e-01
3.670000135898590088e-01,-9.629999995231628418e-01,-1.199999973177909851e-01
3.619999885559082031e-01,-1.016333341598510742e+00,-1.163333356380462646e-01
3.686666786670684814e-01,-1.049000024795532227e+00,-9.799999743700027466e-02
3.549999892711639404e-01,-9.190000295639038086e-01,-7.999999821186065674e-02
3.799999952316284180e-01,-9.110000133514404297e-01,-4.999999888241291046e-03
4.213333427906036377e-01,-1.036000013351440430e+00,8.200000226497650146e-02
3.980000019073486328e-01,-1.011666655540466309e+00,5.766666680574417114e-02
3.556666672229766846e-01,-9.403333067893981934e-01,1.266666688024997711e-02
3.676666617393493652e-01,-9.606666564941406250e-01,1.366666704416275024e-02
3.716666698455810547e-01,-9.959999918937683105e-01,5.900000035762786865e-02
3.499999940395355225e-01,-9.909999966621398926e-01,6.166666746139526367e-02
3.126666545867919922e-01,-9.969999790191650391e-01,5.600000172853469849e-02
3.089999854564666748e-01,-9.796666502952575684e-01,8.333333581686019897e-02
3.009999990463256836e-01,-9.873333573341369629e-01,1.283333301544189453e-01
2.616666555404663086e-01,-1.013666629791259766e+00,1.360000073909759521e-01
2.393333315849304199e-01,-1.000000000000000000e+00,1.260000020265579224e-01
2.726666629314422607e-01,-9.863333106040954590e-01,1.230000033974647522e-01
2.660000026226043701e-01,-1.019333362579345703e+00,1.169999986886978149e-01
2.403333336114883423e-01,-1.003999948501586914e+00,1.140000000596046448e-01
2.376666665077209473e-01,-9.940000176429748535e-01,1.416666656732559204e-01
2.236666679382324219e-01,-1.001000046730041504e+00,1.546666622161865234e-01
2.290000021457672119e-01,-1.009999990463256836e+00,1.456666737794876099e-01
2.070000022649765015e-01,-1.014000058174133301e+00,1.340000033378601074e-01
2.090000063180923462e-01,-9.983333349227905273e-01,1.366666704416275024e-01
1.756666600704193115e-01,-1.059666633605957031e+00,1.033333316445350647e-01
2.709999978542327881e-01,-1.108333349227905273e+00,7.900000363588333130e-02
3.486666679382324219e-01,-7.783333063125610352e-01,-1.056666672229766846e-01
2.276666611433029175e-01,-9.463333487510681152e-01,-2.266666740179061890e-01
2.443333268165588379e-01,-1.003000020980834961e+00,-3.299999982118606567e-02
2.540000081062316895e-01,-1.062666654586791992e+00,2.066666632890701294e-02
2.140000015497207642e-01,-1.014666676521301270e+00,6.000000052154064178e-03
2.160000056028366089e-01,-1.003000020980834961e+00,5.966666713356971741e-02
2.033333331346511841e-01,-1.034333348274230957e+00,1.446666717529296875e-01
1.729999929666519165e-01,-1.022333383560180664e+00,1.533333361148834229e-01
1.790000051259994507e-01,-1.001999974250793457e+00,1.663333326578140259e-01
1.650000065565109253e-01,-9.969999790191650391e-01,1.646666675806045532e-01
1.703333407640457153e-01,-1.052000045776367188e+00,1.749999970197677612e-01
1.653333306312561035e-01,-1.036333322525024414e+00,1.550000011920928955e-01
1.606666594743728638e-01,-9.793333411216735840e-01,2.043333351612091064e-01
2.039999961853027344e-01,-9.843333363533020020e-01,2.619999945163726807e-01
1.749999970197677612e-01,-1.014000058174133301e+00,2.796666622161865234e-01
1.420000046491622925e-01,-1.028333306312561035e+00,2.930000126361846924e-01
1.036666631698608398e-01,-9.929999709129333496e-01,2.930000126361846924e-01
6.366666406393051147e-02,-1.009999990463256836e+00,3.149999976158142090e-01
4.699999839067459106e-02,-9.940000176429748535e-01,3.179999887943267822e-01
5.400000140070915222e-02,-9.969999790191650391e-01,3.120000064373016357e-01
6.633333116769790649e-02,-1.031000018119812012e+00,3.210000097751617432e-01
5.799999833106994629e-02,-1.017666697502136230e+00,2.766666710376739502e-01
4.300000146031379700e-02,-1.017666697502136230e+00,2.560000121593475342e-01
3.200000151991844177e-02,-1.023333311080932617e+00,2.720000147819519043e-01
2.333333343267440796e-02,-1.026000022888183594e+00,2.816666662693023682e-01
2.733333408832550049e-02,-1.023333311080932617e+00,2.853333353996276855e-01
4.000000189989805222e-03,-1.049999952316284180e+00,2.649999856948852539e-01
8.999999612569808960e-03,-9.980000257492065430e-01,2.326666712760925293e-01
4.466666653752326965e-02,-1.027333378791809082e+00,2.326666712760925293e-01
7.800000160932540894e-02,-1.049000024795532227e+00,2.423333376646041870e-01
8.699999749660491943e-02,-1.047999978065490723e+00,2.210000008344650269e-01
8.799999952316284180e-02,-1.011666655540466309e+00,1.756666600704193115e-01
1.123333349823951721e-01,-1.006000041961669922e+00,1.819999963045120239e-01
1.103333309292793274e-01,-1.020666718482971191e+00,1.700000017881393433e-01
1.199999973177909851e-01,-1.032999992370605469e+00,1.870000064373016357e-01
1.209999993443489075e-01,-1.021333336830139160e+00,1.739999949932098389e-01
1.280000060796737671e-01,-1.026000022888183594e+00,1.669999957084655762e-01
1.710000038146972656e-01,-1.012666702270507812e+00,1.689999997615814209e-01
2.513333261013031006e-01,-1.000000000000000000e+00,1.620000004768371582e-01
2.700000107288360596e-01,-9.943333268165588379e-01,1.589999943971633911e-01
2.770000100135803223e-01,-9.990000128746032715e-01,1.599999964237213135e-01
2.599999904632568359e-01,-9.796666502952575684e-01,1.506666690111160278e-01
2.469999939203262329e-01,-1.003000020980834961e+00,1.516666710376739502e-01
2.630000114440917969e-01,-1.008999943733215332e+00,1.819999963045120239e-01
2.540000081062316895e-01,-9.919999837875366211e-01,1.609999984502792358e-01
2.569999992847442627e-01,-9.850000143051147461e-01,1.563333272933959961e-01
3.136666715145111084e-01,-9.869999885559082031e-01,1.533333361148834229e-01
3.226666748523712158e-01,-9.843333363533020020e-01,1.689999997615814209e-01
2.919999957084655762e-01,-9.726666808128356934e-01,1.609999984502792358e-01
2.893333435058593750e-01,-9.796666502952575684e-01,1.749999970197677612e-01
3.129999935626983643e-01,-9.890000224113464355e-01,1.860000044107437134e-01
3.059999942779541016e-01,-9.840000271797180176e-01,1.819999963045120239e-01
2.913333475589752197e-01,-9.766666889190673828e-01,1.486666649580001831e-01
3.030000030994415283e-01,-9.860000014305114746e-01,1.503333300352096558e-01
2.989999949932098389e-01,-9.813333153724670410e-01,1.589999943971633911e-01
2.969999909400939941e-01,-9.869999885559082031e-01,1.543333381414413452e-01
3.030000030994415283e-01,-9.813333153724670410e-01,1.523333340883255005e-01
2.989999949932098389e-01,-9.913333058357238770e-01,1.553333401679992676e-01
2.980000078678131104e-01,-9.900000095367431641e-01,1.486666649580001831e-01
2.969999909400939941e-01,-9.900000095367431641e-01,1.350000053644180298e-01
2.969999909400939941e-01,-9.850000143051147461e-01,1.169999986886978149e-01
2.949999868869781494e-01,-9.900000095367431641e-01,1.150000020861625671e-01
2.939999997615814209e-01,-9.879999756813049316e-01,1.250000000000000000e-01
2.939999997615814209e-01,-9.890000224113464355e-01,1.420000046491622925e-01
2.930000126361846924e-01,-9.890000224113464355e-01,1.589999943971633911e-01
2.856666743755340576e-01,-9.950000047683715820e-01,1.543333381414413452e-01
3.050000071525573730e-01,-9.853333234786987305e-01,1.819999963045120239e-01
2.930000126361846924e-01,-9.869999885559082031e-01,1.700000017881393433e-01
2.960000038146972656e-01,-9.843333363533020020e-01,1.560000032186508179e-01
3.030000030994415283e-01,-9.823333621025085449e-01,1.603333353996276855e-01
3.030000030994415283e-01,-9.813333153724670410e-01,1.710000038146972656e-01
2.960000038146972656e-01,-9.803333282470703125e-01,1.599999964237213135e-01
3.009999990463256836e-01,-9.766666889190673828e-01,1.630000025033950806e-01
3.000000119209289551e-01,-9.833333492279052734e-01,1.759999990463256836e-01
3.059999942779541016e-01,-9.900000095367431641e-01,1.790000051259994507e-01
3.089999854564666748e-01,-9.766666889190673828e-01,1.860000044107437134e-01
3.039999902248382568e-01,-9.750000238418579102e-01,1.819999963045120239e-01
3.100000023841857910e-01,-9.803333282470703125e-01,1.770000010728836060e-01
3.079999983310699463e-01,-9.776666760444641113e-01,1.749999970197677612e-01
3.059999942779541016e-01,-9.829999804496765137e-01,1.790000051259994507e-01
3.070000112056732178e-01,-9.796666502952575684e-01,1.739999949932098389e-01
3.089999854564666748e-01,-9.803333282470703125e-01,1.780000030994415283e-01
3.070000112056732178e-01,-9.813333153724670410e-01,1.700000017881393433e-01
3.089999854564666748e-01,-9.776666760444641113e-01,1.640000045299530029e-01
3.100000023841857910e-01,-9.750000238418579102e-01,1.563333272933959961e-01
3.070000112056732178e-01,-9.823333621025085449e-01,1.539999991655349731e-01
3.179999887943267822e-01,-9.803333282470703125e-01,1.599999964237213135e-01
3.120000064373016357e-01,-9.863333106040954590e-01,1.560000032186508179e-01
3.179999887943267822e-01,-9.806666374206542969e-01,1.560000032186508179e-01
3.156666755676269531e-01,-9.726666808128356934e-01,1.630000025033950806e-01
3.140000104904174805e-01,-9.843333363533020020e-01,1.396666616201400757e-01
3.210000097751617432e-01,-9.776666760444641113e-01,1.543333381414413452e-01
3.160000145435333252e-01,-9.840000271797180176e-01,1.550000011920928955e-01
3.190000057220458984e-01,-9.803333282470703125e-01,1.560000032186508179e-01
3.230000138282775879e-01,-9.803333282470703125e-01,1.519999951124191284e-01
3.129999935626983643e-01,-9.776666760444641113e-01,1.560000032186508179e-01
3.160000145435333252e-01,-9.813333153724670410e-01,1.533333361148834229e-01
3.219999969005584717e-01,-9.803333282470703125e-01,1.550000011920928955e-01
3.170000016689300537e-01,-9.796666502952575684e-01,1.539999991655349731e-01
3.160000145435333252e-01,-9.769999980926513672e-01,1.506666690111160278e-01
3.129999935626983643e-01,-9.769999980926513672e-01,1.533333361148834229e-01
3.199999928474426270e-01,-9.829999804496765137e-01,1.513333320617675781e-01
3.120000064373016357e-01,-9.813333153724670410e-01,1.516666710376739502e-01
3.179999887943267822e-01,-9.793333411216735840e-01,1.500000059604644775e-01
3.140000104904174805e-01,-9.803333282470703125e-01,1.486666649580001831e-01
3.120000064373016357e-01,-9.803333282470703125e-01,1.420000046491622925e-01
3.109999895095825195e-01,-9.840000271797180176e-01,1.360000073909759521e-01
3.149999976158142090e-01,-9.819999933242797852e-01,1.360000073909759521e-01
3.100000023841857910e-01,-9.850000143051147461e-01,1.379999965429306030e-01
3.100000023841857910e-01,-9.823333621025085449e-01,1.360000073909759521e-01
3.089999854564666748e-01,-9.823333621025085449e-01,1.400000005960464478e-01
3.149999976158142090e-01,-9.860000014305114746e-01,1.420000046491622925e-01
3.190000057220458984e-01,-9.829999804496765137e-01,1.459999978542327881e-01
3.129999935626983643e-01,-9.813333153724670410e-01,1.439999938011169434e-01
3.120000064373016357e-01,-9.840000271797180176e-01,1.486666649580001831e-01
3.109999895095825195e-01,-9.829999804496765137e-01,1.459999978542327881e-01
3.100000023841857910e-01,-9.769999980926513672e-01,1.430000066757202148e-01
3.079999983310699463e-01,-9.813333153724670410e-01,1.553333401679992676e-01
3.039999902248382568e-01,-9.879999756813049316e-01,1.506666690111160278e-01
3.120000064373016357e-01,-9.813333153724670410e-01,1.529999971389770508e-01
3.120000064373016357e-01,-9.860000014305114746e-01,1.526666730642318726e-01
3.050000071525573730e-01,-9.803333282470703125e-01,1.529999971389770508e-01
3.160000145435333252e-01,-9.893333315849304199e-01,1.720000058412551880e-01
3.079999983310699463e-01,-9.729999899864196777e-01,1.319999992847442627e-01
3.129999935626983643e-01,-9.843333363533020020e-01,1.439999938011169434e-01
3.230000138282775879e-01,-9.819999933242797852e-01,1.506666690111160278e-01
3.129999935626983643e-01,-9.829999804496765137e-01,1.420000046491622925e-01
3.179999887943267822e-01,-9.813333153724670410e-01,1.430000066757202148e-01
3.149999976158142090e-01,-9.829999804496765137e-01,1.430000066757202148e-01
3.199999928474426270e-01,-9.793333411216735840e-01,1.410000026226043701e-01
3.149999976158142090e-01,-9.829999804496765137e-01,1.410000026226043701e-01
3.140000104904174805e-01,-9.793333411216735840e-01,1.449999958276748657e-01
3.210000097751617432e-01,-9.813333153724670410e-01,1.449999958276748657e-01
3.179999887943267822e-01,-9.786666631698608398e-01,1.476666629314422607e-01
3.210000097751617432e-01,-9.786666631698608398e-01,1.449999958276748657e-01
3.210000097751617432e-01,-9.786666631698608398e-01,1.449999958276748657e-01
3.219999969005584717e-01,-9.786666631698608398e-01,1.480000019073486328e-01
3.219999969005584717e-01,-9.786666631698608398e-01,1.506666690111160278e-01
3.219999969005584717e-01,-9.786666631698608398e-01,1.466666609048843384e-01
3.219999969005584717e-01,-9.806666374206542969e-01,1.449999958276748657e-01
3.230000138282775879e-01,-9.803333282470703125e-01,1.480000019073486328e-01
3.249999880790710449e-01,-9.769999980926513672e-01,1.459999978542327881e-01
3.230000138282775879e-01,-9.786666631698608398e-01,1.439999938011169434e-01
3.219999969005584717e-01,-9.786666631698608398e-01,1.513333320617675781e-01
3.140000104904174805e-01,-9.769999980926513672e-01,1.500000059604644775e-01
3.140000104904174805e-01,-9.769999980926513672e-01,1.500000059604644775e-01
3.140000104904174805e-01,-9.769999980926513672e-01,1.500000059604644775e-01
3.140000104904174805e-01,-9.769999980926513672e-01,1.500000059604644775e-01
3.140000104904174805e-01,-9.769999980926513672e-01,1.500000059604644775e-01
3.140000104904174805e-01,-9.769999980926513672e-01,1.500000059604644775e-01
3.140000104904174805e-01,-9.769999980926513672e-01,1.500000059604644775e-01
3.140000104904174805e-01,-9.769999980926513672e-01,1.500000059604644775e-01
3.140000104904174805e-01,-9.769999980926513672e-01,1.500000059604644775e-01
3.140000104904174805e-01,-9.769999980926513672e-01,1.500000059604644775e-01
3.140000104904174805e-01,-9.769999980926513672e-01,1.500000059604644775e-01
3.140000104904174805e-01,-9.769999980926513672e-01,1.500000059604644775e-01
3.140000104904174805e-01,-9.769999980926513672e-01,1.500000059604644775e-01
3.140000104904174805e-01,-9.769999980926513672e-01,1.500000059604644775e-01
3.140000104904174805e-01,-9.769999980926513672e-01,1.500000059604644775e-01
3.140000104904174805e-01,-9.769999980926513672e-01,1.500000059604644775e-01
3.140000104904174805e-01,-9.769999980926513672e-01,1.500000059604644775e-01
3.140000104904174805e-01,-9.769999980926513672e-01,1.500000059604644775e-01
3.140000104904174805e-01,-9.769999980926513672e-01,1.500000059604644775e-01
3.140000104904174805e-01,-9.769999980926513672e-01,1.500000059604644775e-01
3.140000104904174805e-01,-9.769999980926513672e-01,1.500000059604644775e-01
3.140000104904174805e-01,-9.769999980926513672e-01,1.500000059604644775e-01
3.140000104904174805e-01,-9.769999980926513672e-01,1.500000059604644775e-01
3.140000104904174805e-01,-9.769999980926513672e-01,1.500000059604644775e-01
3.140000104904174805e-01,-9.769999980926513672e-01,1.500000059604644775e-01
3.140000104904174805e-01,-9.769999980926513672e-01,1.500000059604644775e-01
3.140000104904174805e-01,-9.769999980926513672e-01,1.500000059604644775e-01
3.140000104904174805e-01,-9.769999980926513672e-01,1.500000059604644775e-01
3.140000104904174805e-01,-9.769999980926513672e-01,1.500000059604644775e-01
3.140000104904174805e-01,-9.769999980926513672e-01,1.500000059604644775e-01
3.140000104904174805e-01,-9.769999980926513672e-01,1.500000059604644775e-01
3.140000104904174805e-01,-9.769999980926513672e-01,1.500000059604644775e-01
3.140000104904174805e-01,-9.769999980926513672e-01,1.500000059604644775e-01
3.140000104904174805e-01,-9.769999980926513672e-01,1.500000059604644775e-01
3.140000104904174805e-01,-9.769999980926513672e-01,1.500000059604644775e-01
3.140000104904174805e-01,-9.769999980926513672e-01,1.500000059604644775e-01
3.140000104904174805e-01,-9.769999980926513672e-01,1.500000059604644775e-01
3.140000104904174805e-01,-9.769999980926513672e-01,1.500000059604644775e-01
3.140000104904174805e-01,-9.769999980926513672e-01,1.500000059604644775e-01
3.140000104904174805e-01,-9.769999980926513672e-01,1.500000059604644775e-01
3.140000104904174805e-01,-9.769999980926513672e-01,1.500000059604644775e-01
3.140000104904174805e-01,-9.769999980926513672e-01,1.500000059604644775e-01
3.140000104904174805e-01,-9.769999980926513672e-01,1.500000059604644775e-01
3.140000104904174805e-01,-9.769999980926513672e-01,1.500000059604644775e-01
3.140000104904174805e-01,-9.769999980926513672e-01,1.500000059604644775e-01
3.140000104904174805e-01,-9.769999980926513672e-01,1.500000059604644775e-01
3.140000104904174805e-01,-9.769999980926513672e-01,1.500000059604644775e-01
3.140000104904174805e-01,-9.769999980926513672e-01,1.500000059604644775e-01
3.140000104904174805e-01,-9.769999980926513672e-01,1.500000059604644775e-01
3.140000104904174805e-01,-9.769999980926513672e-01,1.500000059604644775e-01
3.140000104904174805e-01,-9.769999980926513672e-01,1.500000059604644775e-01
3.140000104904174805e-01,-9.769999980926513672e-01,1.500000059604644775e-01
3.140000104904174805e-01,-9.769999980926513672e-01,1.500000059604644775e-01
3.140000104904174805e-01,-9.769999980926513672e-01,1.500000059604644775e-01
3.140000104904174805e-01,-9.769999980926513672e-01,1.500000059604644775e-01
3.140000104904174805e-01,-9.769999980926513672e-01,1.500000059604644775e-01
3.140000104904174805e-01,-9.769999980926513672e-01,1.500000059604644775e-01
3.140000104904174805e-01,-9.769999980926513672e-01,1.500000059604644775e-01
3.140000104904174805e-01,-9.769999980926513672e-01,1.500000059604644775e-01
3.140000104904174805e-01,-9.769999980926513672e-01,1.500000059604644775e-01
3.140000104904174805e-01,-9.769999980926513672e-01,1.500000059604644775e-01
3.140000104904174805e-01,-9.769999980926513672e-01,1.500000059604644775e-01
3.140000104904174805e-01,-9.769999980926513672e-01,1.500000059604644775e-01
3.140000104904174805e-01,-9.769999980926513672e-01,1.500000059604644775e-01
3.140000104904174805e-01,-9.769999980926513672e-01,1.500000059604644775e-01
3.140000104904174805e-01,-9.769999980926513672e-01,1.500000059604644775e-01
3.140000104904174805e-01,-9.769999980926513672e-01,1.500000059604644775e-01
3.140000104904174805e-01,-9.769999980926513672e-01,1.500000059604644775e-01
3.140000104904174805e-01,-9.769999980926513672e-01,1.500000059604644775e-01
3.140000104904174805e-01,-9.769999980926513672e-01,1.500000059604644775e-01
3.140000104904174805e-01,-9.769999980926513672e-01,1.500000059604644775e-01
3.140000104904174805e-01,-9.769999980926513672e-01,1.500000059604644775e-01
3.140000104904174805e-01,-9.769999980926513672e-01,1.500000059604644775e-01
3.140000104904174805e-01,-9.769999980926513672e-01,1.500000059604644775e-01
3.140000104904174805e-01,-9.769999980926513672e-01,1.500000059604644775e-01
3.140000104904174805e-01,-9.769999980926513672e-01,1.500000059604644775e-01
3.140000104904174805e-01,-9.769999980926513672e-01,1.500000059604644775e-01
3.140000104904174805e-01,-9.769999980926513672e-01,1.500000059604644775e-01
3.140000104904174805e-01,-9.769999980926513672e-01,1.500000059604644775e-01
3.140000104904174805e-01,-9.769999980926513672e-01,1.500000059604644775e-01
3.140000104904174805e-01,-9.769999980926513672e-01,1.500000059604644775e-01
3.140000104904174805e-01,-9.769999980926513672e-01,1.500000059604644775e-01
3.140000104904174805e-01,-9.769999980926513672e-01,1.500000059604644775e-01
3.140000104904174805e-01,-9.769999980926513672e-01,1.500000059604644775e-01
3.140000104904174805e-01,-9.769999980926513672e-01,1.500000059604644775e-01
3.140000104904174805e-01,-9.769999980926513672e-01,1.500000059604644775e-01
3.140000104904174805e-01,-9.769999980926513672e-01,1.500000059604644775e-01
3.140000104904174805e-01,-9.769999980926513672e-01,1.500000059604644775e-01
3.140000104904174805e-01,-9.769999980926513672e-01,1.500000059604644775e-01
3.140000104904174805e-01,-9.769999980926513672e-01,1.500000059604644775e-01
3.140000104904174805e-01,-9.769999980926513672e-01,1.500000059604644775e-01
3.140000104904174805e-01,-9.769999980926513672e-01,1.500000059604644775e-01
3.140000104904174805e-01,-9.769999980926513672e-01,1.500000059604644775e-01
3.140000104904174805e-01,-9.769999980926513672e-01,1.500000059604644775e-01
3.140000104904174805e-01,-9.769999980926513672e-01,1.500000059604644775e-01
3.140000104904174805e-01,-9.769999980926513672e-01,1.500000059604644775e-01
3.140000104904174805e-01,-9.769999980926513672e-01,1.500000059604644775e-01
3.140000104904174805e-01,-9.769999980926513672e-01,1.500000059604644775e-01
3.140000104904174805e-01,-9.769999980926513672e-01,1.500000059604644775e-01
3.140000104904174805e-01,-9.769999980926513672e-01,1.500000059604644775e-01
3.140000104904174805e-01,-9.769999980926513672e-01,1.500000059604644775e-01
3.140000104904174805e-01,-9.769999980926513672e-01,1.500000059604644775e-01
3.140000104904174805e-01,-9.769999980926513672e-01,1.500000059604644775e-01
3.140000104904174805e-01,-9.769999980926513672e-01,1.500000059604644775e-01
3.140000104904174805e-01,-9.769999980926513672e-01,1.500000059604644775e-01
3.140000104904174805e-01,-9.769999980926513672e-01,1.500000059604644775e-01
3.140000104904174805e-01,-9.769999980926513672e-01,1.500000059604644775e-01
3.140000104904174805e-01,-9.769999980926513672e-01,1.500000059604644775e-01
3.140000104904174805e-01,-9.769999980926513672e-01,1.500000059604644775e-01
3.140000104904174805e-01,-9.769999980926513672e-01,1.500000059604644775e-01
3.140000104904174805e-01,-9.769999980926513672e-01,1.500000059604644775e-01
3.140000104904174805e-01,-9.769999980926513672e-01,1.500000059604644775e-01
3.140000104904174805e-01,-9.769999980926513672e-01,1.500000059604644775e-01
3.140000104904174805e-01,-9.769999980926513672e-01,1.500000059604644775e-01
3.140000104904174805e-01,-9.769999980926513672e-01,1.500000059604644775e-01
3.140000104904174805e-01,-9.769999980926513672e-01,1.500000059604644775e-01
3.140000104904174805e-01,-9.769999980926513672e-01,1.500000059604644775e-01
3.140000104904174805e-01,-9.769999980926513672e-01,1.500000059604644775e-01
3.140000104904174805e-01,-9.769999980926513672e-01,1.500000059604644775e-01
3.140000104904174805e-01,-9.769999980926513672e-01,1.500000059604644775e-01
3.140000104904174805e-01,-9.769999980926513672e-01,1.500000059604644775e-01
3.140000104904174805e-01,-9.769999980926513672e-01,1.500000059604644775e-01
3.140000104904174805e-01,-9.769999980926513672e-01,1.500000059604644775e-01
3.140000104904174805e-01,-9.769999980926513672e-01,1.500000059604644775e-01
3.140000104904174805e-01,-9.769999980926513672e-01,1.500000059604644775e-01
3.140000104904174805e-01,-9.769999980926513672e-01,1.500000059604644775e-01
3.140000104904174805e-01,-9.769999980926513672e-01,1.500000059604644775e-01
3.140000104904174805e-01,-9.769999980926513672e-01,1.500000059604644775e-01
3.140000104904174805e-01,-9.769999980926513672e-01,1.500000059604644775e-01
3.140000104904174805e-01,-9.769999980926513672e-01,1.500000059604644775e-01
3.140000104904174805e-01,-9.769999980926513672e-01,1.500000059604644775e-01
3.140000104904174805e-01,-9.769999980926513672e-01,1.500000059604644775e-01
3.140000104904174805e-01,-9.769999980926513672e-01,1.500000059604644775e-01
3.140000104904174805e-01,-9.769999980926513672e-01,1.500000059604644775e-01
3.140000104904174805e-01,-9.769999980926513672e-01,1.500000059604644775e-01
3.140000104904174805e-01,-9.769999980926513672e-01,1.500000059604644775e-01
3.140000104904174805e-01,-9.769999980926513672e-01,1.500000059604644775e-01
3.140000104904174805e-01,-9.769999980926513672e-01,1.500000059604644775e-01
3.140000104904174805e-01,-9.769999980926513672e-01,1.500000059604644775e-01
3.140000104904174805e-01,-9.769999980926513672e-01,1.500000059604644775e-01
3.140000104904174805e-01,-9.769999980926513672e-01,1.500000059604644775e-01
3.140000104904174805e-01,-9.769999980926513672e-01,1.500000059604644775e-01
3.140000104904174805e-01,-9.769999980926513672e-01,1.500000059604644775e-01
3.140000104904174805e-01,-9.769999980926513672e-01,1.500000059604644775e-01
3.140000104904174805e-01,-9.769999980926513672e-01,1.500000059604644775e-01
3.140000104904174805e-01,-9.769999980926513672e-01,1.500000059604644775e-01
3.140000104904174805e-01,-9.769999980926513672e-01,1.500000059604644775e-01
3.140000104904174805e-01,-9.769999980926513672e-01,1.500000059604644775e-01
3.140000104904174805e-01,-9.769999980926513672e-01,1.500000059604644775e-01
3.140000104904174805e-01,-9.769999980926513672e-01,1.500000059604644775e-01
3.140000104904174805e-01,-9.769999980926513672e-01,1.500000059604644775e-01
3.140000104904174805e-01,-9.769999980926513672e-01,1.500000059604644775e-01
3.140000104904174805e-01,-9.769999980926513672e-01,1.500000059604644775e-01
3.140000104904174805e-01,-9.769999980926513672e-01,1.500000059604644775e-01
3.140000104904174805e-01,-9.769999980926513672e-01,1.500000059604644775e-01
3.140000104904174805e-01,-9.769999980926513672e-01,1.500000059604644775e-01
3.140000104904174805e-01,-9.769999980926513672e-01,1.500000059604644775e-01
3.140000104904174805e-01,-9.769999980926513672e-01,1.500000059604644775e-01
3.140000104904174805e-01,-9.769999980926513672e-01,1.500000059604644775e-01
3.140000104904174805e-01,-9.769999980926513672e-01,1.500000059604644775e-01
3.140000104904174805e-01,-9.769999980926513672e-01,1.500000059604644775e-01
3.140000104904174805e-01,-9.769999980926513672e-01,1.500000059604644775e-01
3.140000104904174805e-01,-9.769999980926513672e-01,1.500000059604644775e-01
3.140000104904174805e-01,-9.769999980926513672e-01,1.500000059604644775e-01
3.140000104904174805e-01,-9.769999980926513672e-01,1.500000059604644775e-01
3.140000104904174805e-01,-9.769999980926513672e-01,1.500000059604644775e-01
3.140000104904174805e-01,-9.769999980926513672e-01,1.500000059604644775e-01
3.140000104904174805e-01,-9.769999980926513672e-01,1.500000059604644775e-01
3.140000104904174805e-01,-9.769999980926513672e-01,1.500000059604644775e-01
3.140000104904174805e-01,-9.769999980926513672e-01,1.500000059604644775e-01
3.140000104904174805e-01,-9.769999980926513672e-01,1.500000059604644775e-01
3.140000104904174805e-01,-9.769999980926513672e-01,1.500000059604644775e-01
3.140000104904174805e-01,-9.769999980926513672e-01,1.500000059604644775e-01
3.140000104904174805e-01,-9.769999980926513672e-01,1.500000059604644775e-01
3.140000104904174805e-01,-9.769999980926513672e-01,1.500000059604644775e-01
3.140000104904174805e-01,-9.769999980926513672e-01,1.500000059604644775e-01
3.140000104904174805e-01,-9.769999980926513672e-01,1.500000059604644775e-01
3.140000104904174805e-01,-9.769999980926513672e-01,1.500000059604644775e-01
3.140000104904174805e-01,-9.769999980926513672e-01,1.500000059604644775e-01
3.140000104904174805e-01,-9.769999980926513672e-01,1.500000059604644775e-01
3.140000104904174805e-01,-9.769999980926513672e-01,1.500000059604644775e-01
3.140000104904174805e-01,-9.769999980926513672e-01,1.500000059604644775e-01
3.140000104904174805e-01,-9.769999980926513672e-01,1.500000059604644775e-01
3.140000104904174805e-01,-9.769999980926513672e-01,1.500000059604644775e-01
3.140000104904174805e-01,-9.769999980926513672e-01,1.500000059604644775e-01
3.140000104904174805e-01,-9.769999980926513672e-01,1.500000059604644775e-01
3.140000104904174805e-01,-9.769999980926513672e-01,1.500000059604644775e-01
3.140000104904174805e-01,-9.769999980926513672e-01,1.500000059604644775e-01
3.140000104904174805e-01,-9.769999980926513672e-01,1.500000059604644775e-01
3.140000104904174805e-01,-9.769999980926513672e-01,1.500000059604644775e-01
3.140000104904174805e-01,-9.769999980926513672e-01,1.500000059604644775e-01
3.140000104904174805e-01,-9.769999980926513672e-01,1.500000059604644775e-01
3.140000104904174805e-01,-9.769999980926513672e-01,1.500000059604644775e-01
3.140000104904174805e-01,-9.769999980926513672e-01,1.500000059604644775e-01
3.140000104904174805e-01,-9.769999980926513672e-01,1.500000059604644775e-01
3.140000104904174805e-01,-9.769999980926513672e-01,1.500000059604644775e-01
3.140000104904174805e-01,-9.769999980926513672e-01,1.500000059604644775e-01
3.140000104904174805e-01,-9.769999980926513672e-01,1.500000059604644775e-01
3.140000104904174805e-01,-9.769999980926513672e-01,1.500000059604644775e-01
3.140000104904174805e-01,-9.769999980926513672e-01,1.500000059604644775e-01
3.140000104904174805e-01,-9.769999980926513672e-01,1.500000059604644775e-01
3.140000104904174805e-01,-9.769999980926513672e-01,1.500000059604644775e-01
3.140000104904174805e-01,-9.769999980926513672e-01,1.500000059604644775e-01
3.140000104904174805e-01,-9.769999980926513672e-01,1.500000059604644775e-01
3.140000104904174805e-01,-9.769999980926513672e-01,1.500000059604644775e-01
3.140000104904174805e-01,-9.769999980926513672e-01,1.500000059604644775e-01
3.140000104904174805e-01,-9.769999980926513672e-01,1.500000059604644775e-01
3.140000104904174805e-01,-9.769999980926513672e-01,1.500000059604644775e-01
3.140000104904174805e-01,-9.769999980926513672e-01,1.500000059604644775e-01
3.140000104904174805e-01,-9.769999980926513672e-01,1.500000059604644775e-01
3.140000104904174805e-01,-9.769999980926513672e-01,1.500000059604644775e-01
3.140000104904174805e-01,-9.769999980926513672e-01,1.500000059604644775e-01
3.140000104904174805e-01,-9.769999980926513672e-01,1.500000059604644775e-01
3.140000104904174805e-01,-9.769999980926513672e-01,1.500000059604644775e-01
3.140000104904174805e-01,-9.769999980926513672e-01,1.500000059604644775e-01
3.140000104904174805e-01,-9.769999980926513672e-01,1.500000059604644775e-01
3.140000104904174805e-01,-9.769999980926513672e-01,1.500000059604644775e-01
3.140000104904174805e-01,-9.769999980926513672e-01,1.500000059604644775e-01
3.140000104904174805e-01,-9.769999980926513672e-01,1.500000059604644775e-01
3.140000104904174805e-01,-9.769999980926513672e-01,1.500000059604644775e-01
3.140000104904174805e-01,-9.769999980926513672e-01,1.500000059604644775e-01
3.140000104904174805e-01,-9.769999980926513672e-01,1.500000059604644775e-01
3.140000104904174805e-01,-9.769999980926513672e-01,1.500000059604644775e-01
3.140000104904174805e-01,-9.769999980926513672e-01,1.500000059604644775e-01
3.140000104904174805e-01,-9.769999980926513672e-01,1.500000059604644775e-01
3.140000104904174805e-01,-9.769999980926513672e-01,1.500000059604644775e-01
3.140000104904174805e-01,-9.769999980926513672e-01,1.500000059604644775e-01
3.140000104904174805e-01,-9.769999980926513672e-01,1.500000059604644775e-01
3.140000104904174805e-01,-9.769999980926513672e-01,1.500000059604644775e-01
3.140000104904174805e-01,-9.769999980926513672e-01,1.500000059604644775e-01
3.140000104904174805e-01,-9.769999980926513672e-01,1.500000059604644775e-01
3.140000104904174805e-01,-9.769999980926513672e-01,1.500000059604644775e-01
3.140000104904174805e-01,-9.769999980926513672e-01,1.500000059604644775e-01
3.140000104904174805e-01,-9.769999980926513672e-01,1.500000059604644775e-01
3.140000104904174805e-01,-9.769999980926513672e-01,1.500000059604644775e-01
3.140000104904174805e-01,-9.769999980926513672e-01,1.500000059604644775e-01
3.140000104904174805e-01,-9.769999980926513672e-01,1.500000059604644775e-01
3.140000104904174805e-01,-9.769999980926513672e-01,1.500000059604644775e-01
3.140000104904174805e-01,-9.769999980926513672e-01,1.500000059604644775e-01
3.140000104904174805e-01,-9.769999980926513672e-01,1.500000059604644775e-01
3.140000104904174805e-01,-9.769999980926513672e-01,1.500000059604644775e-01
3.140000104904174805e-01,-9.769999980926513672e-01,1.500000059604644775e-01
3.140000104904174805e-01,-9.769999980926513672e-01,1.500000059604644775e-01
3.140000104904174805e-01,-9.769999980926513672e-01,1.500000059604644775e-01
3.140000104904174805e-01,-9.769999980926513672e-01,1.500000059604644775e-01
3.140000104904174805e-01,-9.769999980926513672e-01,1.500000059604644775e-01
3.140000104904174805e-01,-9.769999980926513672e-01,1.500000059604644775e-01
3.140000104904174805e-01,-9.769999980926513672e-01,1.500000059604644775e-01
3.140000104904174805e-01,-9.769999980926513672e-01,1.500000059604644775e-01
3.140000104904174805e-01,-9.769999980926513672e-01,1.500000059604644775e-01
3.140000104904174805e-01,-9.769999980926513672e-01,1.500000059604644775e-01
3.140000104904174805e-01,-9.769999980926513672e-01,1.500000059604644775e-01
3.140000104904174805e-01,-9.769999980926513672e-01,1.500000059604644775e-01
3.140000104904174805e-01,-9.769999980926513672e-01,1.500000059604644775e-01
3.140000104904174805e-01,-9.769999980926513672e-01,1.500000059604644775e-01
3.140000104904174805e-01,-9.769999980926513672e-01,1.500000059604644775e-01
3.140000104904174805e-01,-9.769999980926513672e-01,1.500000059604644775e-01
3.140000104904174805e-01,-9.769999980926513672e-01,1.500000059604644775e-01
3.140000104904174805e-01,-9.769999980926513672e-01,1.500000059604644775e-01
3.140000104904174805e-01,-9.769999980926513672e-01,1.500000059604644775e-01
3.140000104904174805e-01,-9.769999980926513672e-01,1.500000059604644775e-01
3.140000104904174805e-01,-9.769999980926513672e-01,1.500000059604644775e-01
3.140000104904174805e-01,-9.769999980926513672e-01,1.500000059604644775e-01
3.140000104904174805e-01,-9.769999980926513672e-01,1.500000059604644775e-01
3.140000104904174805e-01,-9.769999980926513672e-01,1.500000059604644775e-01
3.140000104904174805e-01,-9.769999980926513672e-01,1.500000059604644775e-01
3.140000104904174805e-01,-9.769999980926513672e-01,1.500000059604644775e-01
3.140000104904174805e-01,-9.769999980926513672e-01,1.500000059604644775e-01
3.140000104904174805e-01,-9.769999980926513672e-01,1.500000059604644775e-01
3.140000104904174805e-01,-9.769999980926513672e-01,1.500000059604644775e-01
3.140000104904174805e-01,-9.769999980926513672e-01,1.500000059604644775e-01
3.140000104904174805e-01,-9.769999980926513672e-01,1.500000059604644775e-01
3.140000104904174805e-01,-9.769999980926513672e-01,1.500000059604644775e-01
3.140000104904174805e-01,-9.769999980926513672e-01,1.500000059604644775e-01
3.140000104904174805e-01,-9.769999980926513672e-01,1.500000059604644775e-01
3.140000104904174805e-01,-9.769999980926513672e-01,1.500000059604644775e-01
3.140000104904174805e-01,-9.769999980926513672e-01,1.500000059604644775e-01
3.140000104904174805e-01,-9.769999980926513672e-01,1.500000059604644775e-01
3.140000104904174805e-01,-9.769999980926513672e-01,1.500000059604644775e-01
3.140000104904174805e-01,-9.769999980926513672e-01,1.500000059604644775e-01
3.140000104904174805e-01,-9.769999980926513672e-01,1.500000059604644775e-01
3.140000104904174805e-01,-9.769999980926513672e-01,1.500000059604644775e-01
3.140000104904174805e-01,-9.769999980926513672e-01,1.500000059604644775e-01
3.140000104904174805e-01,-9.769999980926513672e-01,1.500000059604644775e-01
3.140000104904174805e-01,-9.769999980926513672e-01,1.500000059604644775e-01
3.140000104904174805e-01,-9.769999980926513672e-01,1.500000059604644775e-01
3.140000104904174805e-01,-9.769999980926513672e-01,1.500000059604644775e-01
3.140000104904174805e-01,-9.769999980926513672e-01,1.500000059604644775e-01
3.140000104904174805e-01,-9.769999980926513672e-01,1.500000059604644775e-01
3.140000104904174805e-01,-9.769999980926513672e-01,1.500000059604644775e-01
3.140000104904174805e-01,-9.769999980926513672e-01,1.500000059604644775e-01
3.140000104904174805e-01,-9.769999980926513672e-01,1.500000059604644775e-01
3.140000104904174805e-01,-9.769999980926513672e-01,1.500000059604644775e-01
3.140000104904174805e-01,-9.769999980926513672e-01,1.500000059604644775e-01
3.140000104904174805e-01,-9.769999980926513672e-01,1.500000059604644775e-01
3.140000104904174805e-01,-9.769999980926513672e-01,1.500000059604644775e-01
3.140000104904174805e-01,-9.769999980926513672e-01,1.500000059604644775e-01
3.140000104904174805e-01,-9.769999980926513672e-01,1.500000059604644775e-01
3.140000104904174805e-01,-9.769999980926513672e-01,1.500000059604644775e-01
3.140000104904174805e-01,-9.769999980926513672e-01,1.500000059604644775e-01
3.140000104904174805e-01,-9.769999980926513672e-01,1.500000059604644775e-01
3.140000104904174805e-01,-9.769999980926513672e-01,1.500000059604644775e-01
3.140000104904174805e-01,-9.769999980926513672e-01,1.500000059604644775e-01
3.140000104904174805e-01,-9.769999980926513672e-01,1.500000059604644775e-01
3.140000104904174805e-01,-9.769999980926513672e-01,1.500000059604644775e-01
3.140000104904174805e-01,-9.769999980926513672e-01,1.500000059604644775e-01
3.140000104904174805e-01,-9.769999980926513672e-01,1.500000059604644775e-01
3.140000104904174805e-01,-9.769999980926513672e-01,1.500000059604644775e-01
3.140000104904174805e-01,-9.769999980926513672e-01,1.500000059604644775e-01
3.140000104904174805e-01,-9.769999980926513672e-01,1.500000059604644775e-01
3.140000104904174805e-01,-9.769999980926513672e-01,1.500000059604644775e-01
3.140000104904174805e-01,-9.769999980926513672e-01,1.500000059604644775e-01
3.140000104904174805e-01,-9.769999980926513672e-01,1.500000059604644775e-01
3.140000104904174805e-01,-9.769999980926513672e-01,1.500000059604644775e-01
3.140000104904174805e-01,-9.769999980926513672e-01,1.500000059604644775e-01
3.140000104904174805e-01,-9.769999980926513672e-01,1.500000059604644775e-01
3.140000104904174805e-01,-9.769999980926513672e-01,1.500000059604644775e-01
3.140000104904174805e-01,-9.769999980926513672e-01,1.500000059604644775e-01
3.140000104904174805e-01,-9.769999980926513672e-01,1.500000059604644775e-01
3.140000104904174805e-01,-9.769999980926513672e-01,1.500000059604644775e-01
3.140000104904174805e-01,-9.769999980926513672e-01,1.500000059604644775e-01
3.140000104904174805e-01,-9.769999980926513672e-01,1.500000059604644775e-01
3.140000104904174805e-01,-9.769999980926513672e-01,1.500000059604644775e-01
3.140000104904174805e-01,-9.769999980926513672e-01,1.500000059604644775e-01
3.140000104904174805e-01,-9.769999980926513672e-01,1.500000059604644775e-01
3.140000104904174805e-01,-9.769999980926513672e-01,1.500000059604644775e-01
3.140000104904174805e-01,-9.769999980926513672e-01,1.500000059604644775e-01
3.140000104904174805e-01,-9.769999980926513672e-01,1.500000059604644775e-01
3.140000104904174805e-01,-9.769999980926513672e-01,1.500000059604644775e-01
3.140000104904174805e-01,-9.769999980926513672e-01,1.500000059604644775e-01
3.140000104904174805e-01,-9.769999980926513672e-01,1.500000059604644775e-01
3.140000104904174805e-01,-9.769999980926513672e-01,1.500000059604644775e-01
3.140000104904174805e-01,-9.769999980926513672e-01,1.500000059604644775e-01
3.140000104904174805e-01,-9.769999980926513672e-01,1.500000059604644775e-01
3.140000104904174805e-01,-9.769999980926513672e-01,1.500000059604644775e-01
3.140000104904174805e-01,-9.769999980926513672e-01,1.500000059604644775e-01
3.140000104904174805e-01,-9.769999980926513672e-01,1.500000059604644775e-01
3.140000104904174805e-01,-9.769999980926513672e-01,1.500000059604644775e-01
3.140000104904174805e-01,-9.769999980926513672e-01,1.500000059604644775e-01
3.140000104904174805e-01,-9.769999980926513672e-01,1.500000059604644775e-01
3.140000104904174805e-01,-9.769999980926513672e-01,1.500000059604644775e-01
3.140000104904174805e-01,-9.769999980926513672e-01,1.500000059604644775e-01
3.140000104904174805e-01,-9.769999980926513672e-01,1.500000059604644775e-01
3.140000104904174805e-01,-9.769999980926513672e-01,1.500000059604644775e-01
3.140000104904174805e-01,-9.769999980926513672e-01,1.500000059604644775e-01
3.140000104904174805e-01,-9.769999980926513672e-01,1.500000059604644775e-01
3.140000104904174805e-01,-9.769999980926513672e-01,1.500000059604644775e-01
3.140000104904174805e-01,-9.769999980926513672e-01,1.500000059604644775e-01
3.140000104904174805e-01,-9.769999980926513672e-01,1.500000059604644775e-01
3.140000104904174805e-01,-9.769999980926513672e-01,1.500000059604644775e-01
3.140000104904174805e-01,-9.769999980926513672e-01,1.500000059604644775e-01
3.140000104904174805e-01,-9.769999980926513672e-01,1.500000059604644775e-01
3.140000104904174805e-01,-9.769999980926513672e-01,1.500000059604644775e-01
3.140000104904174805e-01,-9.769999980926513672e-01,1.500000059604644775e-01
3.140000104904174805e-01,-9.769999980926513672e-01,1.500000059604644775e-01
3.140000104904174805e-01,-9.769999980926513672e-01,1.500000059604644775e-01
3.140000104904174805e-01,-9.769999980926513672e-01,1.500000059604644775e-01
3.140000104904174805e-01,-9.769999980926513672e-01,1.500000059604644775e-01
3.140000104904174805e-01,-9.769999980926513672e-01,1.500000059604644775e-01
3.140000104904174805e-01,-9.769999980926513672e-01,1.500000059604644775e-01
3.206666707992553711e-01,-1.052666664123535156e+00,2.133333310484886169e-02
4.056666791439056396e-01,-8.240000009536743164e-01,-8.299999684095382690e-02
3.586666584014892578e-01,-9.236666560173034668e-01,-1.913333386182785034e-01
3.350000083446502686e-01,-9.840000271797180176e-01,-1.106666699051856995e-01
3.256666660308837891e-01,-1.014666676521301270e+00,-5.400000140070915222e-02
3.300000131130218506e-01,-9.760000109672546387e-01,-6.366666406393051147e-02
3.546666800975799561e-01,-9.796666502952575684e-01,-7.900000363588333130e-02
3.276666700839996338e-01,-9.860000014305114746e-01,-6.899999827146530151e-02
3.293333351612091064e-01,-9.833333492279052734e-01,-5.600000172853469849e-02
3.400000035762786865e-01,-9.890000224113464355e-01,-3.900000080466270447e-02
3.389999866485595703e-01,-9.766666889190673828e-01,-2.899999916553497314e-02
3.283333480358123779e-01,-9.736666679382324219e-01,-7.133333384990692139e-02
2.843333184719085693e-01,-9.863333106040954590e-01,-6.166666746139526367e-02
3.223333358764648438e-01,-1.006000041961669922e+00,3.233333304524421692e-02
3.226666748523712158e-01,-1.003000020980834961e+00,5.466666817665100098e-02
3.319999873638153076e-01,-9.843333363533020020e-01,7.800000160932540894e-02
3.256666660308837891e-01,-9.813333153724670410e-01,7.299999892711639404e-02
3.170000016689300537e-01,-9.860000014305114746e-01,7.999999821186065674e-02
3.179999887943267822e-01,-9.860000014305114746e-01,8.100000023841857910e-02
3.263333439826965332e-01,-9.860000014305114746e-01,8.500000089406967163e-02
3.210000097751617432e-01,-9.879999756813049316e-01,8.100000023841857910e-02
3.210000097751617432e-01,-9.860000014305114746e-01,8.399999886751174927e-02
3.293333351612091064e-01,-9.850000143051147461e-01,8.600000292062759399e-02
3.230000138282775879e-01,-9.850000143051147461e-01,7.500000298023223877e-02
3.263333439826965332e-01,-9.803333282470703125e-01,8.299999684095382690e-02
3.210000097751617432e-01,-9.890000224113464355e-01,7.900000363588333130e-02
3.210000097751617432e-01,-9.860000014305114746e-01,8.200000226497650146e-02
3.230000138282775879e-01,-9.850000143051147461e-01,7.900000363588333130e-02
3.199999928474426270e-01,-9.860000014305114746e-01,8.200000226497650146e-02
3.179999887943267822e-01,-9.909999966621398926e-01,7.900000363588333130e-02
3.190000057220458984e-01,-9.833333492279052734e-01,7.999999821186065674e-02
3.256666660308837891e-01,-9.829999804496765137e-01,7.599999755620956421e-02
3.230000138282775879e-01,-9.840000271797180176e-01,7.400000095367431641e-02
3.219999969005584717e-01,-9.869999885559082031e-01,7.199999690055847168e-02
3.240000009536743164e-01,-9.860000014305114746e-01,7.599999755620956421e-02
3.219999969005584717e-01,-9.869999885559082031e-01,7.299999892711639404e-02
3.230000138282775879e-01,-9.879999756813049316e-01,7.000000029802322388e-02
3.256666660308837891e-01,-9.869999885559082031e-01,6.733333319425582886e-02
3.219999969005584717e-01,-9.840000271797180176e-01,7.400000095367431641e-02
3.230000138282775879e-01,-9.890000224113464355e-01,7.000000029802322388e-02
3.199999928474426270e-01,-9.900000095367431641e-01,7.000000029802322388e-02
3.236666619777679443e-01,-9.850000143051147461e-01,7.000000029802322388e-02
3.249999880790710449e-01,-9.879999756813049316e-01,6.899999827146530151e-02
3.230000138282775879e-01,-9.860000014305114746e-01,6.800000369548797607e-02
3.230000138282775879e-01,-9.860000014305114746e-01,7.199999690055847168e-02
3.190000057220458984e-01,-9.850000143051147461e-01,7.500000298023223877e-02
3.230000138282775879e-01,-9.803333282470703125e-01,7.699999958276748657e-02
3.219999969005584717e-01,-9.879999756813049316e-01,7.800000160932540894e-02
3.179999887943267822e-01,-9.900000095367431641e-01,8.299999684095382690e-02
3.160000145435333252e-01,-9.879999756813049316e-01,9.200000017881393433e-02
3.199999928474426270e-01,-9.900000095367431641e-01,9.000000357627868652e-02
3.190000057220458984e-01,-9.850000143051147461e-01,9.399999678134918213e-02
3.109999895095825195e-01,-9.850000143051147461e-01,9.000000357627868652e-02
3.149999976158142090e-01,-9.869999885559082031e-01,8.799999952316284180e-02
3.120000064373016357e-01,-9.860000014305114746e-01,9.499999880790710449e-02
3.179999887943267822e-01,-9.869999885559082031e-01,9.200000017881393433e-02
3.160000145435333252e-01,-9.890000224113464355e-01,9.300000220537185669e-02
3.179999887943267822e-01,-9.890000224113464355e-01,9.399999678134918213e-02
3.149999976158142090e-01,-9.860000014305114746e-01,9.600000083446502686e-02
3.160000145435333252e-01,-9.860000014305114746e-01,9.300000220537185669e-02
3.140000104904174805e-01,-9.840000271797180176e-01,9.700000286102294922e-02
3.149999976158142090e-01,-9.879999756813049316e-01,9.799999743700027466e-02
3.210000097751617432e-01,-9.850000143051147461e-01,9.700000286102294922e-02
3.160000145435333252e-01,-9.869999885559082031e-01,9.799999743700027466e-02
3.170000016689300537e-01,-9.860000014305114746e-01,9.899999946355819702e-02
3.199999928474426270e-01,-9.840000271797180176e-01,1.000000014901161194e-01
3.210000097751617432e-01,-9.879999756813049316e-01,1.010000035166740417e-01
3.179999887943267822e-01,-9.869999885559082031e-01,9.700000286102294922e-02
3.210000097751617432e-01,-9.850000143051147461e-01,1.019999980926513672e-01
3.230000138282775879e-01,-9.840000271797180176e-01,1.030000001192092896e-01
3.190000057220458984e-01,-9.860000014305114746e-01,1.010000035166740417e-01
3.210000097751617432e-01,-9.840000271797180176e-01,9.899999946355819702e-02
3.219999969005584717e-01,-9.840000271797180176e-01,1.000000014901161194e-01
3.210000097751617432e-01,-9.840000271797180176e-01,1.000000014901161194e-01
3.179999887943267822e-01,-9.860000014305114746e-01,1.000000014901161194e-01
3.210000097751617432e-01,-9.850000143051147461e-01,1.019999980926513672e-01
3.210000097751617432e-01,-9.840000271797180176e-01,9.899999946355819702e-02
3.240000009536743164e-01,-9.829999804496765137e-01,1.019999980926513672e-01
3.199999928474426270e-01,-9.850000143051147461e-01,1.040000021457672119e-01
3.219999969005584717e-01,-9.860000014305114746e-01,1.000000014901161194e-01
3.160000145435333252e-01,-9.869999885559082031e-01,9.899999946355819702e-02
3.199999928474426270e-01,-9.869999885559082031e-01,1.030000001192092896e-01
3.179999887943267822e-01,-9.850000143051147461e-01,1.000000014901161194e-01
3.199999928474426270e-01,-9.879999756813049316e-01,1.000000014901161194e-01
3.210000097751617432e-01,-9.813333153724670410e-01,1.030000001192092896e-01
3.199999928474426270e-01,-9.900000095367431641e-01,9.600000083446502686e-02
3.246666789054870605e-01,-9.813333153724670410e-01,1.140000000596046448e-01
3.199999928474426270e-01,-9.890000224113464355e-01,1.066666692495346069e-01
3.170000016689300537e-01,-9.863333106040954590e-01,9.399999678134918213e-02
3.190000057220458984e-01,-9.853333234786987305e-01,1.066666692495346069e-01
3.140000104904174805e-01,-9.833333492279052734e-01,9.099999815225601196e-02
3.206666707992553711e-01,-9.786666631698608398e-01,9.499999880790710449e-02
3.149999976158142090e-01,-9.879999756813049316e-01,9.399999678134918213e-02
3.256666660308837891e-01,-9.840000271797180176e-01,9.499999880790710449e-02
3.160000145435333252e-01,-9.900000095367431641e-01,9.499999880790710449e-02
3.256666660308837891e-01,-9.786666631698608398e-01,9.499999880790710449e-02
3.219999969005584717e-01,-9.850000143051147461e-01,8.600000292062759399e-02
3.230000138282775879e-01,-9.879999756813049316e-01,9.499999880790710449e-02
3.230000138282775879e-01,-9.840000271797180176e-01,9.600000083446502686e-02
3.210000097751617432e-01,-9.850000143051147461e-01,9.399999678134918213e-02
3.240000009536743164e-01,-9.840000271797180176e-01,8.900000154972076416e-02
3.190000057220458984e-01,-9.860000014305114746e-01,8.900000154972076416e-02
3.219999969005584717e-01,-9.860000014305114746e-01,8.799999952316284180e-02
3.179999887943267822e-01,-9.850000143051147461e-01,9.200000017881393433e-02
3.190000057220458984e-01,-9.860000014305114746e-01,9.000000357627868652e-02
3.210000097751617432e-01,-9.860000014305114746e-01,9.399999678134918213e-02
3.210000097751617432e-01,-9.860000014305114746e-01,9.300000220537185669e-02
3.230000138282775879e-01,-9.850000143051147461e-01,9.000000357627868652e-02
3.210000097751617432e-01,-9.869999885559082031e-01,9.200000017881393433e-02
3.179999887943267822e-01,-9.840000271797180176e-01,8.600000292062759399e-02
3.199999928474426270e-01,-9.850000143051147461e-01,8.799999952316284180e-02
3.199999928474426270e-01,-9.850000143051147461e-01,8.799999952316284180e-02
3.199999928474426270e-01,-9.850000143051147461e-01,8.799999952316284180e-02
3.199999928474426270e-01,-9.850000143051147461e-01,8.799999952316284180e-02
3.199999928474426270e-01,-9.850000143051147461e-01,8.799999952316284180e-02
3.199999928474426270e-01,-9.850000143051147461e-01,8.799999952316284180e-02
3.199999928474426270e-01,-9.850000143051147461e-01,8.799999952316284180e-02
3.199999928474426270e-01,-9.850000143051147461e-01,8.799999952316284180e-02
3.199999928474426270e-01,-9.850000143051147461e-01,8.799999952316284180e-02
3.199999928474426270e-01,-9.850000143051147461e-01,8.799999952316284180e-02
3.199999928474426270e-01,-9.850000143051147461e-01,8.799999952316284180e-02
3.199999928474426270e-01,-9.850000143051147461e-01,8.799999952316284180e-02
3.199999928474426270e-01,-9.850000143051147461e-01,8.799999952316284180e-02
3.199999928474426270e-01,-9.850000143051147461e-01,8.799999952316284180e-02
3.199999928474426270e-01,-9.850000143051147461e-01,8.799999952316284180e-02
3.199999928474426270e-01,-9.850000143051147461e-01,8.799999952316284180e-02
3.199999928474426270e-01,-9.850000143051147461e-01,8.799999952316284180e-02
3.199999928474426270e-01,-9.850000143051147461e-01,8.799999952316284180e-02
3.199999928474426270e-01,-9.850000143051147461e-01,8.799999952316284180e-02
3.199999928474426270e-01,-9.850000143051147461e-01,8.799999952316284180e-02
3.199999928474426270e-01,-9.850000143051147461e-01,8.799999952316284180e-02
3.199999928474426270e-01,-9.850000143051147461e-01,8.799999952316284180e-02
3.199999928474426270e-01,-9.850000143051147461e-01,8.799999952316284180e-02
3.199999928474426270e-01,-9.850000143051147461e-01,8.799999952316284180e-02
3.199999928474426270e-01,-9.850000143051147461e-01,8.799999952316284180e-02
3.199999928474426270e-01,-9.850000143051147461e-01,8.799999952316284180e-02
3.199999928474426270e-01,-9.850000143051147461e-01,8.799999952316284180e-02
3.199999928474426270e-01,-9.850000143051147461e-01,8.799999952316284180e-02
3.199999928474426270e-01,-9.850000143051147461e-01,8.799999952316284180e-02
3.199999928474426270e-01,-9.850000143051147461e-01,8.799999952316284180e-02
3.199999928474426270e-01,-9.850000143051147461e-01,8.799999952316284180e-02
3.199999928474426270e-01,-9.850000143051147461e-01,8.799999952316284180e-02
3.199999928474426270e-01,-9.850000143051147461e-01,8.799999952316284180e-02
3.199999928474426270e-01,-9.850000143051147461e-01,8.799999952316284180e-02
3.199999928474426270e-01,-9.850000143051147461e-01,8.799999952316284180e-02
3.199999928474426270e-01,-9.850000143051147461e-01,8.799999952316284180e-02
3.199999928474426270e-01,-9.850000143051147461e-01,8.799999952316284180e-02
3.199999928474426270e-01,-9.850000143051147461e-01,8.799999952316284180e-02
3.199999928474426270e-01,-9.850000143051147461e-01,8.799999952316284180e-02
3.199999928474426270e-01,-9.850000143051147461e-01,8.799999952316284180e-02
3.199999928474426270e-01,-9.850000143051147461e-01,8.799999952316284180e-02
3.199999928474426270e-01,-9.850000143051147461e-01,8.799999952316284180e-02
3.199999928474426270e-01,-9.850000143051147461e-01,8.799999952316284180e-02
3.199999928474426270e-01,-9.850000143051147461e-01,8.799999952316284180e-02
3.199999928474426270e-01,-9.850000143051147461e-01,8.799999952316284180e-02
3.199999928474426270e-01,-9.850000143051147461e-01,8.799999952316284180e-02
3.199999928474426270e-01,-9.850000143051147461e-01,8.799999952316284180e-02
3.199999928474426270e-01,-9.850000143051147461e-01,8.799999952316284180e-02
3.199999928474426270e-01,-9.850000143051147461e-01,8.799999952316284180e-02
3.199999928474426270e-01,-9.850000143051147461e-01,8.799999952316284180e-02
3.199999928474426270e-01,-9.850000143051147461e-01,8.799999952316284180e-02
3.199999928474426270e-01,-9.850000143051147461e-01,8.799999952316284180e-02
3.199999928474426270e-01,-9.850000143051147461e-01,8.799999952316284180e-02
3.199999928474426270e-01,-9.850000143051147461e-01,8.799999952316284180e-02
3.199999928474426270e-01,-9.850000143051147461e-01,8.799999952316284180e-02
3.199999928474426270e-01,-9.850000143051147461e-01,8.799999952316284180e-02
3.199999928474426270e-01,-9.850000143051147461e-01,8.799999952316284180e-02
3.199999928474426270e-01,-9.850000143051147461e-01,8.799999952316284180e-02
3.199999928474426270e-01,-9.850000143051147461e-01,8.799999952316284180e-02
3.199999928474426270e-01,-9.850000143051147461e-01,8.799999952316284180e-02
3.199999928474426270e-01,-9.850000143051147461e-01,8.799999952316284180e-02
3.199999928474426270e-01,-9.850000143051147461e-01,8.799999952316284180e-02
3.199999928474426270e-01,-9.850000143051147461e-01,8.799999952316284180e-02
3.199999928474426270e-01,-9.850000143051147461e-01,8.799999952316284180e-02
3.199999928474426270e-01,-9.850000143051147461e-01,8.799999952316284180e-02
3.199999928474426270e-01,-9.850000143051147461e-01,8.799999952316284180e-02
3.199999928474426270e-01,-9.850000143051147461e-01,8.799999952316284180e-02
3.199999928474426270e-01,-9.850000143051147461e-01,8.799999952316284180e-02
3.199999928474426270e-01,-9.850000143051147461e-01,8.799999952316284180e-02
3.199999928474426270e-01,-9.850000143051147461e-01,8.799999952316284180e-02
3.199999928474426270e-01,-9.850000143051147461e-01,8.799999952316284180e-02
3.199999928474426270e-01,-9.850000143051147461e-01,8.799999952316284180e-02
3.199999928474426270e-01,-9.850000143051147461e-01,8.799999952316284180e-02
3.199999928474426270e-01,-9.850000143051147461e-01,8.799999952316284180e-02
3.199999928474426270e-01,-9.850000143051147461e-01,8.799999952316284180e-02
3.199999928474426270e-01,-9.850000143051147461e-01,8.799999952316284180e-02
3.199999928474426270e-01,-9.850000143051147461e-01,8.799999952316284180e-02
3.199999928474426270e-01,-9.850000143051147461e-01,8.799999952316284180e-02
3.199999928474426270e-01,-9.850000143051147461e-01,8.799999952316284180e-02
3.199999928474426270e-01,-9.850000143051147461e-01,8.799999952316284180e-02
3.199999928474426270e-01,-9.850000143051147461e-01,8.799999952316284180e-02
3.199999928474426270e-01,-9.850000143051147461e-01,8.799999952316284180e-02
3.199999928474426270e-01,-9.850000143051147461e-01,8.799999952316284180e-02
3.199999928474426270e-01,-9.850000143051147461e-01,8.799999952316284180e-02
3.199999928474426270e-01,-9.850000143051147461e-01,8.799999952316284180e-02
3.199999928474426270e-01,-9.850000143051147461e-01,8.799999952316284180e-02
3.199999928474426270e-01,-9.850000143051147461e-01,8.799999952316284180e-02
3.199999928474426270e-01,-9.850000143051147461e-01,8.799999952316284180e-02
3.199999928474426270e-01,-9.850000143051147461e-01,8.799999952316284180e-02
3.199999928474426270e-01,-9.850000143051147461e-01,8.799999952316284180e-02
3.810000121593475342e-01,-9.710000157356262207e-01,4.899999871850013733e-02
3.716666698455810547e-01,-9.760000109672546387e-01,5.099999904632568359e-02
3.716666698455810547e-01,-9.679999947547912598e-01,5.000000074505805969e-02
3.659999966621398926e-01,-9.756666421890258789e-01,4.699999839067459106e-02
3.600000143051147461e-01,-9.710000157356262207e-01,4.300000146031379700e-02
3.519999980926513672e-01,-9.763333201408386230e-01,3.700000047683715820e-02
3.409999907016754150e-01,-9.750000238418579102e-01,4.100000113248825073e-02
3.379999995231628418e-01,-9.786666631698608398e-01,4.800000041723251343e-02
3.409999907016754150e-01,-9.766666889190673828e-01,4.100000113248825073e-02
3.420000076293945312e-01,-9.873333573341369629e-01,6.066666543483734131e-02
3.389999866485595703e-01,-9.829999804496765137e-01,6.899999827146530151e-02
3.379999995231628418e-01,-9.840000271797180176e-01,6.833333522081375122e-02
3.330000042915344238e-01,-9.813333153724670410e-01,6.899999827146530151e-02
3.319999873638153076e-01,-9.796666502952575684e-01,7.000000029802322388e-02
3.256666660308837891e-01,-9.833333492279052734e-01,7.400000095367431641e-02
3.330000042915344238e-01,-9.829999804496765137e-01,7.400000095367431641e-02
3.293333351612091064e-01,-9.840000271797180176e-01,7.800000160932540894e-02
3.240000009536743164e-01,-9.860000014305114746e-01,6.899999827146530151e-02
3.266666531562805176e-01,-9.840000271797180176e-01,7.100000232458114624e-02
3.266666531562805176e-01,-9.860000014305114746e-01,7.100000232458114624e-02
3.293333351612091064e-01,-9.796666502952575684e-01,7.199999690055847168e-02
3.273333311080932617e-01,-9.850000143051147461e-01,7.199999690055847168e-02
3.246666789054870605e-01,-9.850000143051147461e-01,7.199999690055847168e-02
3.293333351612091064e-01,-9.823333621025085449e-01,7.100000232458114624e-02
3.263333439826965332e-01,-9.833333492279052734e-01,7.199999690055847168e-02
3.283333480358123779e-01,-9.853333234786987305e-01,6.899999827146530151e-02
3.303333222866058350e-01,-9.806666374206542969e-01,7.100000232458114624e-02
3.256666660308837891e-01,-9.850000143051147461e-01,7.199999690055847168e-02
3.263333439826965332e-01,-9.869999885559082031e-01,7.299999892711639404e-02
3.246666789054870605e-01,-9.840000271797180176e-01,7.299999892711639404e-02
3.230000138282775879e-01,-9.860000014305114746e-01,7.699999958276748657e-02
3.230000138282775879e-01,-9.860000014305114746e-01,7.699999958276748657e-02
3.219999969005584717e-01,-9.900000095367431641e-01,7.500000298023223877e-02
2.576666772365570068e-01,-9.919999837875366211e-01,9.866666793823242188e-02
3.280000090599060059e-01,-9.813333153724670410e-01,7.299999892711639404e-02
3.319999873638153076e-01,-9.850000143051147461e-01,7.400000095367431641e-02
3.266666531562805176e-01,-9.840000271797180176e-01,7.699999958276748657e-02
3.293333351612091064e-01,-9.813333153724670410e-01,7.299999892711639404e-02
3.283333480358123779e-01,-9.813333153724670410e-01,7.199999690055847168e-02
3.276666700839996338e-01,-9.860000014305114746e-01,7.400000095367431641e-02
3.246666789054870605e-01,-9.869999885559082031e-01,7.400000095367431641e-02
3.276666700839996338e-01,-9.860000014305114746e-01,7.100000232458114624e-02
3.256666660308837891e-01,-9.853333234786987305e-01,8.100000023841857910e-02
3.303333222866058350e-01,-9.793333411216735840e-01,7.299999892711639404e-02
3.249999880790710449e-01,-9.869999885559082031e-01,7.000000029802322388e-02
3.260000050067901611e-01,-9.816666841506958008e-01,7.100000232458114624e-02
3.260000050067901611e-01,-9.869999885559082031e-01,7.699999958276748657e-02
3.219999969005584717e-01,-9.860000014305114746e-01,6.933332979679107666e-02
3.276666700839996338e-01,-9.803333282470703125e-01,7.800000160932540894e-02
3.266666531562805176e-01,-9.893333315849304199e-01,6.800000369548797607e-02
3.249999880790710449e-01,-9.890000224113464355e-01,7.500000298023223877e-02
3.210000097751617432e-01,-9.860000014305114746e-01,7.299999892711639404e-02
3.256666660308837891e-01,-9.833333492279052734e-01,7.500000298023223877e-02
3.216666579246520996e-01,-9.913333058357238770e-01,7.333333045244216919e-02
3.236666619777679443e-01,-9.860000014305114746e-01,7.433333247900009155e-02
3.246666789054870605e-01,-9.860000014305114746e-01,7.900000363588333130e-02
3.179999887943267822e-01,-9.850000143051147461e-01,8.399999886751174927e-02
3.179999887943267822e-01,-9.850000143051147461e-01,8.200000226497650146e-02
3.240000009536743164e-01,-9.850000143051147461e-01,8.200000226497650146e-02
3.230000138282775879e-01,-9.860000014305114746e-01,8.200000226497650146e-02
3.210000097751617432e-01,-9.850000143051147461e-01,8.299999684095382690e-02
3.210000097751617432e-01,-9.869999885559082031e-01,8.500000089406967163e-02
3.219999969005584717e-01,-9.869999885559082031e-01,7.999999821186065674e-02
3.199999928474426270e-01,-9.840000271797180176e-01,7.999999821186065674e-02
3.230000138282775879e-01,-9.850000143051147461e-01,8.299999684095382690e-02
3.179999887943267822e-01,-9.860000014305114746e-01,8.399999886751174927e-02
3.219999969005584717e-01,-9.860000014305114746e-01,8.100000023841857910e-02
3.219999969005584717e-01,-9.869999885559082031e-01,8.299999684095382690e-02
3.230000138282775879e-01,-9.829999804496765137e-01,8.399999886751174927e-02
3.240000009536743164e-01,-9.860000014305114746e-01,8.299999684095382690e-02
3.230000138282775879e-01,-9.850000143051147461e-01,7.699999958276748657e-02
3.246666789054870605e-01,-9.840000271797180176e-01,7.999999821186065674e-02
3.219999969005584717e-01,-9.829999804496765137e-01,8.200000226497650146e-02
3.230000138282775879e-01,-9.850000143051147461e-01,7.699999958276748657e-02
3.219999969005584717e-01,-9.860000014305114746e-01,7.999999821186065674e-02
3.210000097751617432e-01,-9.833333492279052734e-01,7.900000363588333130e-02
3.260000050067901611e-01,-9.850000143051147461e-01,8.200000226497650146e-02
3.219999969005584717e-01,-9.860000014305114746e-01,7.999999821186065674e-02
3.240000009536743164e-01,-9.840000271797180176e-01,7.699999958276748657e-02
3.210000097751617432e-01,-9.869999885559082031e-01,8.200000226497650146e-02
3.230000138282775879e-01,-9.850000143051147461e-01,7.800000160932540894e-02
3.219999969005584717e-01,-9.850000143051147461e-01,7.599999755620956421e-02
3.219999969005584717e-01,-9.869999885559082031e-01,7.999999821186065674e-02
3.249999880790710449e-01,-9.840000271797180176e-01,7.999999821186065674e-02
3.276666700839996338e-01,-9.860000014305114746e-01,7.599999755620956421e-02
3.260000050067901611e-01,-9.850000143051147461e-01,7.299999892711639404e-02
3.249999880790710449e-01,-9.840000271797180176e-01,7.999999821186065674e-02
3.266666531562805176e-01,-9.860000014305114746e-01,7.900000363588333130e-02
3.240000009536743164e-01,-9.850000143051147461e-01,7.800000160932540894e-02
3.249999880790710449e-01,-9.850000143051147461e-01,8.100000023841857910e-02
3.230000138282775879e-01,-9.860000014305114746e-01,7.999999821186065674e-02
3.249999880790710449e-01,-9.860000014305114746e-01,8.399999886751174927e-02
3.249999880790710449e-01,-9.869999885559082031e-01,8.299999684095382690e-02
3.219999969005584717e-01,-9.840000271797180176e-01,7.999999821186065674e-02
3.219999969005584717e-01,-9.860000014305114746e-01,8.399999886751174927e-02
3.230000138282775879e-01,-9.860000014305114746e-01,8.299999684095382690e-02
3.230000138282775879e-01,-9.829999804496765137e-01,8.100000023841857910e-02
3.293333351612091064e-01,-9.969999790191650391e-01,8.699999749660491943e-02
3.120000064373016357e-01,-9.756666421890258789e-01,5.700000002980232239e-02
3.240000009536743164e-01,-9.860000014305114746e-01,5.999999865889549255e-02
3.393333256244659424e-01,-9.990000128746032715e-01,6.633333116769790649e-02
3.079999983310699463e-01,-9.796666502952575684e-01,4.600000008940696716e-02
3.266666531562805176e-01,-9.813333153724670410e-01,3.900000080466270447e-02
3.219999969005584717e-01,-9.969999790191650391e-01,3.700000047683715820e-02
3.249999880790710449e-01,-9.879999756813049316e-01,4.399999976158142090e-02
3.560000061988830566e-01,-9.869999885559082031e-01,2.433333359658718109e-02
3.230000138282775879e-01,-9.850000143051147461e-01,3.299999982118606567e-02
3.276666700839996338e-01,-9.873333573341369629e-01,3.700000047683715820e-02
3.230000138282775879e-01,-9.869999885559082031e-01,3.299999982118606567e-02
3.216666579246520996e-01,-9.863333106040954590e-01,2.800000086426734924e-02
3.283333480358123779e-01,-9.786666631698608398e-01,3.833333402872085571e-02
3.276666700839996338e-01,-9.929999709129333496e-01,4.899999871850013733e-02
3.240000009536743164e-01,-9.840000271797180176e-01,5.400000140070915222e-02
3.273333311080932617e-01,-9.860000014305114746e-01,5.099999904632568359e-02
3.256666660308837891e-01,-9.840000271797180176e-01,5.600000172853469849e-02
3.249999880790710449e-01,-9.860000014305114746e-01,5.900000035762786865e-02
3.240000009536743164e-01,-9.850000143051147461e-01,6.100000068545341492e-02
3.240000009536743164e-01,-9.860000014305114746e-01,6.266666948795318604e-02
3.249999880790710449e-01,-9.850000143051147461e-01,5.799999833106994629e-02
3.273333311080932617e-01,-9.840000271797180176e-01,6.066666543483734131e-02
3.249999880790710449e-01,-9.879999756813049316e-01,5.999999865889549255e-02
3.240000009536743164e-01,-9.860000014305114746e-01,6.266666948795318604e-02
3.276666700839996338e-01,-9.890000224113464355e-01,5.900000035762786865e-02
3.240000009536743164e-01,-9.840000271797180176e-01,5.900000035762786865e-02
3.266666531562805176e-01,-9.869999885559082031e-01,5.900000035762786865e-02
3.240000009536743164e-01,-9.890000224113464355e-01,5.900000035762786865e-02
3.230000138282775879e-01,-9.850000143051147461e-01,5.966666713356971741e-02
3.266666531562805176e-01,-9.890000224113464355e-01,5.900000035762786865e-02
3.199999928474426270e-01,-9.860000014305114746e-01,5.499999970197677612e-02
3.240000009536743164e-01,-9.850000143051147461e-01,6.100000068545341492e-02
3.246666789054870605e-01,-9.869999885559082031e-01,5.700000002980232239e-02
3.240000009536743164e-01,-9.860000014305114746e-01,5.900000035762786865e-02
3.266666531562805176e-01,-9.869999885559082031e-01,5.900000035762786865e-02
3.219999969005584717e-01,-9.879999756813049316e-01,5.700000002980232239e-02
3.249999880790710449e-01,-9.869999885559082031e-01,5.700000002980232239e-02
3.256666660308837891e-01,-9.860000014305114746e-01,5.600000172853469849e-02
3.293333351612091064e-01,-9.796666502952575684e-01,5.499999970197677612e-02
3.280000090599060059e-01,-9.860000014305114746e-01,5.400000140070915222e-02
3.266666531562805176e-01,-9.869999885559082031e-01,5.099999904632568359e-02
3.266666531562805176e-01,-9.850000143051147461e-01,5.099999904632568359e-02
3.273333311080932617e-01,-9.869999885559082031e-01,5.099999904632568359e-02
3.256666660308837891e-01,-9.869999885559082031e-01,4.899999871850013733e-02
3.260000050067901611e-01,-9.869999885559082031e-01,5.200000107288360596e-02
3.266666531562805176e-01,-9.860000014305114746e-01,5.200000107288360596e-02
3.256666660308837891e-01,-9.840000271797180176e-01,5.000000074505805969e-02
3.260000050067901611e-01,-9.860000014305114746e-01,5.099999904632568359e-02
3.249999880790710449e-01,-9.869999885559082031e-01,4.800000041723251343e-02
3.266666531562805176e-01,-9.850000143051147461e-01,5.299999937415122986e-02
3.249999880790710449e-01,-9.860000014305114746e-01,5.099999904632568359e-02
3.266666531562805176e-01,-9.860000014305114746e-01,4.899999871850013733e-02
3.276666700839996338e-01,-9.860000014305114746e-01,5.200000107288360596e-02
3.266666531562805176e-01,-9.869999885559082031e-01,4.600000008940696716e-02
3.266666531562805176e-01,-9.860000014305114746e-01,5.299999937415122986e-02
3.266666531562805176e-01,-9.879999756813049316e-01,4.699999839067459106e-02
3.246666789054870605e-01,-9.869999885559082031e-01,5.200000107288360596e-02
3.300000131130218506e-01,-9.860000014305114746e-01,5.499999970197677612e-02
3.249999880790710449e-01,-9.869999885559082031e-01,4.899999871850013733e-02
3.266666531562805176e-01,-9.850000143051147461e-01,5.299999937415122986e-02
3.256666660308837891e-01,-9.869999885559082031e-01,5.900000035762786865e-02
3.260000050067901611e-01,-9.890000224113464355e-01,5.799999833106994629e-02
3.240000009536743164e-01,-9.890000224113464355e-01,5.499999970197677612e-02
3.283333480358123779e-01,-9.829999804496765137e-01,5.999999865889549255e-02
3.230000138282775879e-01,-9.869999885559082031e-01,5.966666713356971741e-02
3.266666531562805176e-01,-9.850000143051147461e-01,5.700000002980232239e-02
3.249999880790710449e-01,-9.869999885559082031e-01,5.299999937415122986e-02
3.256666660308837891e-01,-9.850000143051147461e-01,5.700000002980232239e-02
3.240000009536743164e-01,-9.869999885559082031e-01,5.299999937415122986e-02
3.249999880790710449e-01,-9.860000014305114746e-01,5.600000172853469849e-02
3.266666531562805176e-01,-9.869999885559082031e-01,5.700000002980232239e-02
3.226666748523712158e-01,-9.869999885559082031e-01,5.400000140070915222e-02
3.256666660308837891e-01,-9.869999885559082031e-01,5.900000035762786865e-02
3.263333439826965332e-01,-9.869999885559082031e-01,5.900000035762786865e-02
3.273333311080932617e-01,-9.829999804496765137e-01,5.200000107288360596e-02
3.300000131130218506e-01,-9.869999885559082031e-01,5.499999970197677612e-02
3.293333351612091064e-01,-9.833333492279052734e-01,5.400000140070915222e-02
3.319999873638153076e-01,-9.840000271797180176e-01,5.200000107288360596e-02
3.293333351612091064e-01,-9.860000014305114746e-01,5.000000074505805969e-02
3.256666660308837891e-01,-9.860000014305114746e-01,5.099999904632568359e-02
3.300000131130218506e-01,-9.829999804496765137e-01,5.099999904632568359e-02
3.273333311080932617e-01,-9.850000143051147461e-01,5.600000172853469849e-02
3.260000050067901611e-01,-9.860000014305114746e-01,5.600000172853469849e-02
3.256666660308837891e-01,-9.860000014305114746e-01,5.700000002980232239e-02
3.276666700839996338e-01,-9.840000271797180176e-01,5.099999904632568359e-02
3.249999880790710449e-01,-9.860000014305114746e-01,5.200000107288360596e-02
3.260000050067901611e-01,-9.860000014305114746e-01,5.499999970197677612e-02
3.240000009536743164e-01,-9.860000014305114746e-01,5.499999970197677612e-02
3.263333439826965332e-01,-9.869999885559082031e-01,5.499999970197677612e-02
3.249999880790710449e-01,-9.869999885559082031e-01,5.499999970197677612e-02
3.249999880790710449e-01,-9.840000271797180176e-01,5.600000172853469849e-02
3.230000138282775879e-01,-9.879999756813049316e-01,5.499999970197677612e-02
3.256666660308837891e-01,-9.840000271797180176e-01,5.799999833106994629e-02
3.249999880790710449e-01,-9.850000143051147461e-01,5.900000035762786865e-02
3.266666531562805176e-01,-9.850000143051147461e-01,5.900000035762786865e-02
3.249999880790710449e-01,-9.860000014305114746e-01,6.100000068545341492e-02
3.249999880790710449e-01,-9.869999885559082031e-01,6.533333659172058105e-02
3.240000009536743164e-01,-9.850000143051147461e-01,6.266666948795318604e-02
3.236666619777679443e-01,-9.879999756813049316e-01,6.700000166893005371e-02
3.249999880790710449e-01,-9.850000143051147461e-01,6.833333522081375122e-02
3.230000138282775879e-01,-9.879999756813049316e-01,7.599999755620956421e-02
3.240000009536743164e-01,-9.869999885559082031e-01,8.200000226497650146e-02
3.260000050067901611e-01,-9.909999966621398926e-01,8.500000089406967163e-02
3.260000050067901611e-01,-9.909999966621398926e-01,8.500000089406967163e-02
3.260000050067901611e-01,-9.909999966621398926e-01,8.500000089406967163e-02
3.260000050067901611e-01,-9.909999966621398926e-01,8.500000089406967163e-02
3.260000050067901611e-01,-9.909999966621398926e-01,8.500000089406967163e-02
3.260000050067901611e-01,-9.909999966621398926e-01,8.500000089406967163e-02
3.260000050067901611e-01,-9.909999966621398926e-01,8.500000089406967163e-02
3.260000050067901611e-01,-9.909999966621398926e-01,8.500000089406967163e-02
3.260000050067901611e-01,-9.909999966621398926e-01,8.500000089406967163e-02
3.260000050067901611e-01,-9.909999966621398926e-01,8.500000089406967163e-02
3.260000050067901611e-01,-9.909999966621398926e-01,8.500000089406967163e-02
3.260000050067901611e-01,-9.909999966621398926e-01,8.500000089406967163e-02
3.260000050067901611e-01,-9.909999966621398926e-01,8.500000089406967163e-02
3.260000050067901611e-01,-9.909999966621398926e-01,8.500000089406967163e-02
3.260000050067901611e-01,-9.909999966621398926e-01,8.500000089406967163e-02
3.260000050067901611e-01,-9.909999966621398926e-01,8.500000089406967163e-02
3.260000050067901611e-01,-9.909999966621398926e-01,8.500000089406967163e-02
3.260000050067901611e-01,-9.909999966621398926e-01,8.500000089406967163e-02
3.260000050067901611e-01,-9.909999966621398926e-01,8.500000089406967163e-02
3.260000050067901611e-01,-9.909999966621398926e-01,8.500000089406967163e-02
3.260000050067901611e-01,-9.909999966621398926e-01,8.500000089406967163e-02
3.260000050067901611e-01,-9.909999966621398926e-01,8.500000089406967163e-02
3.260000050067901611e-01,-9.909999966621398926e-01,8.500000089406967163e-02
3.260000050067901611e-01,-9.909999966621398926e-01,8.500000089406967163e-02
3.260000050067901611e-01,-9.909999966621398926e-01,8.500000089406967163e-02
3.260000050067901611e-01,-9.909999966621398926e-01,8.500000089406967163e-02
3.260000050067901611e-01,-9.909999966621398926e-01,8.500000089406967163e-02
3.260000050067901611e-01,-9.909999966621398926e-01,8.500000089406967163e-02
3.260000050067901611e-01,-9.909999966621398926e-01,8.500000089406967163e-02
3.260000050067901611e-01,-9.909999966621398926e-01,8.500000089406967163e-02
3.260000050067901611e-01,-9.909999966621398926e-01,8.500000089406967163e-02
3.260000050067901611e-01,-9.909999966621398926e-01,8.500000089406967163e-02
3.260000050067901611e-01,-9.909999966621398926e-01,8.500000089406967163e-02
3.260000050067901611e-01,-9.909999966621398926e-01,8.500000089406967163e-02
3.260000050067901611e-01,-9.909999966621398926e-01,8.500000089406967163e-02
3.260000050067901611e-01,-9.909999966621398926e-01,8.500000089406967163e-02
3.260000050067901611e-01,-9.909999966621398926e-01,8.500000089406967163e-02
3.260000050067901611e-01,-9.909999966621398926e-01,8.500000089406967163e-02
3.260000050067901611e-01,-9.909999966621398926e-01,8.500000089406967163e-02
3.260000050067901611e-01,-9.909999966621398926e-01,8.500000089406967163e-02
3.260000050067901611e-01,-9.909999966621398926e-01,8.500000089406967163e-02
3.260000050067901611e-01,-9.909999966621398926e-01,8.500000089406967163e-02
3.260000050067901611e-01,-9.909999966621398926e-01,8.500000089406967163e-02
3.260000050067901611e-01,-9.909999966621398926e-01,8.500000089406967163e-02
3.260000050067901611e-01,-9.909999966621398926e-01,8.500000089406967163e-02
3.260000050067901611e-01,-9.909999966621398926e-01,8.500000089406967163e-02
3.260000050067901611e-01,-9.909999966621398926e-01,8.500000089406967163e-02
3.260000050067901611e-01,-9.909999966621398926e-01,8.500000089406967163e-02
3.260000050067901611e-01,-9.909999966621398926e-01,8.500000089406967163e-02
3.260000050067901611e-01,-9.909999966621398926e-01,8.500000089406967163e-02
3.260000050067901611e-01,-9.909999966621398926e-01,8.500000089406967163e-02
3.260000050067901611e-01,-9.909999966621398926e-01,8.500000089406967163e-02
3.260000050067901611e-01,-9.909999966621398926e-01,8.500000089406967163e-02
3.260000050067901611e-01,-9.909999966621398926e-01,8.500000089406967163e-02
3.260000050067901611e-01,-9.909999966621398926e-01,8.500000089406967163e-02
3.260000050067901611e-01,-9.909999966621398926e-01,8.500000089406967163e-02
3.260000050067901611e-01,-9.909999966621398926e-01,8.500000089406967163e-02
3.260000050067901611e-01,-9.909999966621398926e-01,8.500000089406967163e-02
3.260000050067901611e-01,-9.909999966621398926e-01,8.500000089406967163e-02
3.260000050067901611e-01,-9.909999966621398926e-01,8.500000089406967163e-02
3.260000050067901611e-01,-9.909999966621398926e-01,8.500000089406967163e-02
3.260000050067901611e-01,-9.909999966621398926e-01,8.500000089406967163e-02
3.260000050067901611e-01,-9.909999966621398926e-01,8.500000089406967163e-02
3.260000050067901611e-01,-9.909999966621398926e-01,8.500000089406967163e-02
3.260000050067901611e-01,-9.909999966621398926e-01,8.500000089406967163e-02
3.260000050067901611e-01,-9.909999966621398926e-01,8.500000089406967163e-02
3.260000050067901611e-01,-9.909999966621398926e-01,8.500000089406967163e-02
3.260000050067901611e-01,-9.909999966621398926e-01,8.500000089406967163e-02
3.260000050067901611e-01,-9.909999966621398926e-01,8.500000089406967163e-02
3.260000050067901611e-01,-9.909999966621398926e-01,8.500000089406967163e-02
3.260000050067901611e-01,-9.909999966621398926e-01,8.500000089406967163e-02
3.260000050067901611e-01,-9.909999966621398926e-01,8.500000089406967163e-02
3.260000050067901611e-01,-9.909999966621398926e-01,8.500000089406967163e-02
3.260000050067901611e-01,-9.909999966621398926e-01,8.500000089406967163e-02
3.260000050067901611e-01,-9.909999966621398926e-01,8.500000089406967163e-02
3.260000050067901611e-01,-9.909999966621398926e-01,8.500000089406967163e-02
3.260000050067901611e-01,-9.909999966621398926e-01,8.500000089406967163e-02
3.260000050067901611e-01,-9.909999966621398926e-01,8.500000089406967163e-02
3.260000050067901611e-01,-9.909999966621398926e-01,8.500000089406967163e-02
3.260000050067901611e-01,-9.909999966621398926e-01,8.500000089406967163e-02
3.260000050067901611e-01,-9.909999966621398926e-01,8.500000089406967163e-02
3.260000050067901611e-01,-9.909999966621398926e-01,8.500000089406967163e-02
3.260000050067901611e-01,-9.909999966621398926e-01,8.500000089406967163e-02
3.260000050067901611e-01,-9.909999966621398926e-01,8.500000089406967163e-02
3.260000050067901611e-01,-9.909999966621398926e-01,8.500000089406967163e-02
3.260000050067901611e-01,-9.909999966621398926e-01,8.500000089406967163e-02
3.260000050067901611e-01,-9.909999966621398926e-01,8.500000089406967163e-02
3.260000050067901611e-01,-9.909999966621398926e-01,8.500000089406967163e-02
3.260000050067901611e-01,-9.909999966621398926e-01,8.500000089406967163e-02
3.260000050067901611e-01,-9.909999966621398926e-01,8.500000089406967163e-02
3.260000050067901611e-01,-9.909999966621398926e-01,8.500000089406967163e-02
3.260000050067901611e-01,-9.909999966621398926e-01,8.500000089406967163e-02
3.260000050067901611e-01,-9.909999966621398926e-01,8.500000089406967163e-02
3.260000050067901611e-01,-9.909999966621398926e-01,8.500000089406967163e-02
3.260000050067901611e-01,-9.909999966621398926e-01,8.500000089406967163e-02
3.260000050067901611e-01,-9.909999966621398926e-01,8.500000089406967163e-02
3.260000050067901611e-01,-9.909999966621398926e-01,8.500000089406967163e-02
3.260000050067901611e-01,-9.909999966621398926e-01,8.500000089406967163e-02
3.260000050067901611e-01,-9.909999966621398926e-01,8.500000089406967163e-02
3.260000050067901611e-01,-9.909999966621398926e-01,8.500000089406967163e-02
3.260000050067901611e-01,-9.909999966621398926e-01,8.500000089406967163e-02
3.260000050067901611e-01,-9.909999966621398926e-01,8.500000089406967163e-02
3.260000050067901611e-01,-9.909999966621398926e-01,8.500000089406967163e-02
3.260000050067901611e-01,-9.909999966621398926e-01,8.500000089406967163e-02
3.260000050067901611e-01,-9.909999966621398926e-01,8.500000089406967163e-02
3.260000050067901611e-01,-9.909999966621398926e-01,8.500000089406967163e-02
3.260000050067901611e-01,-9.909999966621398926e-01,8.500000089406967163e-02
3.260000050067901611e-01,-9.909999966621398926e-01,8.500000089406967163e-02
3.260000050067901611e-01,-9.909999966621398926e-01,8.500000089406967163e-02
3.260000050067901611e-01,-9.909999966621398926e-01,8.500000089406967163e-02
3.260000050067901611e-01,-9.909999966621398926e-01,8.500000089406967163e-02
3.260000050067901611e-01,-9.909999966621398926e-01,8.500000089406967163e-02
3.260000050067901611e-01,-9.909999966621398926e-01,8.500000089406967163e-02
3.260000050067901611e-01,-9.909999966621398926e-01,8.500000089406967163e-02
3.260000050067901611e-01,-9.909999966621398926e-01,8.500000089406967163e-02
3.260000050067901611e-01,-9.909999966621398926e-01,8.500000089406967163e-02
3.260000050067901611e-01,-9.909999966621398926e-01,8.500000089406967163e-02
3.260000050067901611e-01,-9.909999966621398926e-01,8.500000089406967163e-02
3.260000050067901611e-01,-9.909999966621398926e-01,8.500000089406967163e-02
3.260000050067901611e-01,-9.909999966621398926e-01,8.500000089406967163e-02
3.260000050067901611e-01,-9.909999966621398926e-01,8.500000089406967163e-02
3.260000050067901611e-01,-9.909999966621398926e-01,8.500000089406967163e-02
3.260000050067901611e-01,-9.909999966621398926e-01,8.500000089406967163e-02
3.260000050067901611e-01,-9.909999966621398926e-01,8.500000089406967163e-02
3.260000050067901611e-01,-9.909999966621398926e-01,8.500000089406967163e-02
3.260000050067901611e-01,-9.909999966621398926e-01,8.500000089406967163e-02
3.260000050067901611e-01,-9.909999966621398926e-01,8.500000089406967163e-02
3.260000050067901611e-01,-9.909999966621398926e-01,8.500000089406967163e-02
3.260000050067901611e-01,-9.909999966621398926e-01,8.500000089406967163e-02
3.260000050067901611e-01,-9.909999966621398926e-01,8.500000089406967163e-02
3.260000050067901611e-01,-9.909999966621398926e-01,8.500000089406967163e-02
3.260000050067901611e-01,-9.909999966621398926e-01,8.500000089406967163e-02
3.260000050067901611e-01,-9.909999966621398926e-01,8.500000089406967163e-02
3.260000050067901611e-01,-9.909999966621398926e-01,8.500000089406967163e-02
3.260000050067901611e-01,-9.909999966621398926e-01,8.500000089406967163e-02
3.260000050067901611e-01,-9.909999966621398926e-01,8.500000089406967163e-02
3.260000050067901611e-01,-9.909999966621398926e-01,8.500000089406967163e-02
3.260000050067901611e-01,-9.909999966621398926e-01,8.500000089406967163e-02
3.260000050067901611e-01,-9.909999966621398926e-01,8.500000089406967163e-02
3.260000050067901611e-01,-9.909999966621398926e-01,8.500000089406967163e-02
3.260000050067901611e-01,-9.909999966621398926e-01,8.500000089406967163e-02
3.260000050067901611e-01,-9.909999966621398926e-01,8.500000089406967163e-02
3.260000050067901611e-01,-9.909999966621398926e-01,8.500000089406967163e-02
3.260000050067901611e-01,-9.909999966621398926e-01,8.500000089406967163e-02
3.260000050067901611e-01,-9.909999966621398926e-01,8.500000089406967163e-02
3.260000050067901611e-01,-9.909999966621398926e-01,8.500000089406967163e-02
3.260000050067901611e-01,-9.909999966621398926e-01,8.500000089406967163e-02
3.260000050067901611e-01,-9.909999966621398926e-01,8.500000089406967163e-02
3.260000050067901611e-01,-9.909999966621398926e-01,8.500000089406967163e-02
3.260000050067901611e-01,-9.909999966621398926e-01,8.500000089406967163e-02
3.260000050067901611e-01,-9.909999966621398926e-01,8.500000089406967163e-02
3.260000050067901611e-01,-9.909999966621398926e-01,8.500000089406967163e-02
3.260000050067901611e-01,-9.909999966621398926e-01,8.500000089406967163e-02
3.260000050067901611e-01,-9.909999966621398926e-01,8.500000089406967163e-02
3.260000050067901611e-01,-9.909999966621398926e-01,8.500000089406967163e-02
3.260000050067901611e-01,-9.909999966621398926e-01,8.500000089406967163e-02
3.260000050067901611e-01,-9.909999966621398926e-01,8.500000089406967163e-02
3.260000050067901611e-01,-9.909999966621398926e-01,8.500000089406967163e-02
3.260000050067901611e-01,-9.909999966621398926e-01,8.500000089406967163e-02
3.260000050067901611e-01,-9.909999966621398926e-01,8.500000089406967163e-02
3.260000050067901611e-01,-9.909999966621398926e-01,8.500000089406967163e-02
3.260000050067901611e-01,-9.909999966621398926e-01,8.500000089406967163e-02
3.260000050067901611e-01,-9.909999966621398926e-01,8.500000089406967163e-02
3.260000050067901611e-01,-9.909999966621398926e-01,8.500000089406967163e-02
3.260000050067901611e-01,-9.909999966621398926e-01,8.500000089406967163e-02
3.260000050067901611e-01,-9.909999966621398926e-01,8.500000089406967163e-02
3.260000050067901611e-01,-9.909999966621398926e-01,8.500000089406967163e-02
3.260000050067901611e-01,-9.909999966621398926e-01,8.500000089406967163e-02
3.260000050067901611e-01,-9.909999966621398926e-01,8.500000089406967163e-02
3.260000050067901611e-01,-9.909999966621398926e-01,8.500000089406967163e-02
3.260000050067901611e-01,-9.909999966621398926e-01,8.500000089406967163e-02
3.260000050067901611e-01,-9.909999966621398926e-01,8.500000089406967163e-02
3.260000050067901611e-01,-9.909999966621398926e-01,8.500000089406967163e-02
3.260000050067901611e-01,-9.909999966621398926e-01,8.500000089406967163e-02
3.260000050067901611e-01,-9.909999966621398926e-01,8.500000089406967163e-02
3.260000050067901611e-01,-9.909999966621398926e-01,8.500000089406967163e-02
3.260000050067901611e-01,-9.909999966621398926e-01,8.500000089406967163e-02
3.260000050067901611e-01,-9.909999966621398926e-01,8.500000089406967163e-02
3.260000050067901611e-01,-9.909999966621398926e-01,8.500000089406967163e-02
3.260000050067901611e-01,-9.909999966621398926e-01,8.500000089406967163e-02
3.260000050067901611e-01,-9.909999966621398926e-01,8.500000089406967163e-02
3.260000050067901611e-01,-9.909999966621398926e-01,8.500000089406967163e-02
3.260000050067901611e-01,-9.909999966621398926e-01,8.500000089406967163e-02
3.260000050067901611e-01,-9.909999966621398926e-01,8.500000089406967163e-02
3.260000050067901611e-01,-9.909999966621398926e-01,8.500000089406967163e-02
3.260000050067901611e-01,-9.909999966621398926e-01,8.500000089406967163e-02
3.260000050067901611e-01,-9.909999966621398926e-01,8.500000089406967163e-02
3.260000050067901611e-01,-9.909999966621398926e-01,8.500000089406967163e-02
3.260000050067901611e-01,-9.909999966621398926e-01,8.500000089406967163e-02
3.260000050067901611e-01,-9.909999966621398926e-01,8.500000089406967163e-02
3.260000050067901611e-01,-9.909999966621398926e-01,8.500000089406967163e-02
3.260000050067901611e-01,-9.909999966621398926e-01,8.500000089406967163e-02
3.260000050067901611e-01,-9.909999966621398926e-01,8.500000089406967163e-02
3.260000050067901611e-01,-9.909999966621398926e-01,8.500000089406967163e-02
3.260000050067901611e-01,-9.909999966621398926e-01,8.500000089406967163e-02
3.260000050067901611e-01,-9.909999966621398926e-01,8.500000089406967163e-02
3.260000050067901611e-01,-9.909999966621398926e-01,8.500000089406967163e-02
3.260000050067901611e-01,-9.909999966621398926e-01,8.500000089406967163e-02
3.260000050067901611e-01,-9.909999966621398926e-01,8.500000089406967163e-02
3.260000050067901611e-01,-9.909999966621398926e-01,8.500000089406967163e-02
3.260000050067901611e-01,-9.909999966621398926e-01,8.500000089406967163e-02
3.260000050067901611e-01,-9.909999966621398926e-01,8.500000089406967163e-02
3.260000050067901611e-01,-9.909999966621398926e-01,8.500000089406967163e-02
3.260000050067901611e-01,-9.909999966621398926e-01,8.500000089406967163e-02
3.260000050067901611e-01,-9.909999966621398926e-01,8.500000089406967163e-02
3.260000050067901611e-01,-9.909999966621398926e-01,8.500000089406967163e-02
3.260000050067901611e-01,-9.909999966621398926e-01,8.500000089406967163e-02
3.260000050067901611e-01,-9.909999966621398926e-01,8.500000089406967163e-02
3.260000050067901611e-01,-9.909999966621398926e-01,8.500000089406967163e-02
3.260000050067901611e-01,-9.909999966621398926e-01,8.500000089406967163e-02
3.260000050067901611e-01,-9.909999966621398926e-01,8.500000089406967163e-02
3.260000050067901611e-01,-9.909999966621398926e-01,8.500000089406967163e-02
3.260000050067901611e-01,-9.909999966621398926e-01,8.500000089406967163e-02
3.260000050067901611e-01,-9.909999966621398926e-01,8.500000089406967163e-02
3.260000050067901611e-01,-9.909999966621398926e-01,8.500000089406967163e-02
3.260000050067901611e-01,-9.909999966621398926e-01,8.500000089406967163e-02
3.260000050067901611e-01,-9.909999966621398926e-01,8.500000089406967163e-02
3.260000050067901611e-01,-9.909999966621398926e-01,8.500000089406967163e-02
3.260000050067901611e-01,-9.909999966621398926e-01,8.500000089406967163e-02
3.260000050067901611e-01,-9.909999966621398926e-01,8.500000089406967163e-02
3.260000050067901611e-01,-9.909999966621398926e-01,8.500000089406967163e-02
3.260000050067901611e-01,-9.909999966621398926e-01,8.500000089406967163e-02
3.260000050067901611e-01,-9.909999966621398926e-01,8.500000089406967163e-02
3.260000050067901611e-01,-9.909999966621398926e-01,8.500000089406967163e-02
3.260000050067901611e-01,-9.909999966621398926e-01,8.500000089406967163e-02
3.260000050067901611e-01,-9.909999966621398926e-01,8.500000089406967163e-02
3.260000050067901611e-01,-9.909999966621398926e-01,8.500000089406967163e-02
3.260000050067901611e-01,-9.909999966621398926e-01,8.500000089406967163e-02
3.260000050067901611e-01,-9.909999966621398926e-01,8.500000089406967163e-02
3.260000050067901611e-01,-9.909999966621398926e-01,8.500000089406967163e-02
3.260000050067901611e-01,-9.909999966621398926e-01,8.500000089406967163e-02
3.260000050067901611e-01,-9.909999966621398926e-01,8.500000089406967163e-02
3.260000050067901611e-01,-9.909999966621398926e-01,8.500000089406967163e-02
3.260000050067901611e-01,-9.909999966621398926e-01,8.500000089406967163e-02
3.260000050067901611e-01,-9.909999966621398926e-01,8.500000089406967163e-02
3.260000050067901611e-01,-9.909999966621398926e-01,8.500000089406967163e-02
3.260000050067901611e-01,-9.909999966621398926e-01,8.500000089406967163e-02
3.260000050067901611e-01,-9.909999966621398926e-01,8.500000089406967163e-02
3.260000050067901611e-01,-9.909999966621398926e-01,8.500000089406967163e-02
3.260000050067901611e-01,-9.909999966621398926e-01,8.500000089406967163e-02
3.260000050067901611e-01,-9.909999966621398926e-01,8.500000089406967163e-02
3.260000050067901611e-01,-9.909999966621398926e-01,8.500000089406967163e-02
3.260000050067901611e-01,-9.909999966621398926e-01,8.500000089406967163e-02
3.260000050067901611e-01,-9.909999966621398926e-01,8.500000089406967163e-02
3.260000050067901611e-01,-9.909999966621398926e-01,8.500000089406967163e-02
3.260000050067901611e-01,-9.909999966621398926e-01,8.500000089406967163e-02
3.260000050067901611e-01,-9.909999966621398926e-01,8.500000089406967163e-02
3.260000050067901611e-01,-9.909999966621398926e-01,8.500000089406967163e-02
3.260000050067901611e-01,-9.909999966621398926e-01,8.500000089406967163e-02
3.260000050067901611e-01,-9.909999966621398926e-01,8.500000089406967163e-02
3.260000050067901611e-01,-9.909999966621398926e-01,8.500000089406967163e-02
3.260000050067901611e-01,-9.909999966621398926e-01,8.500000089406967163e-02
3.260000050067901611e-01,-9.909999966621398926e-01,8.500000089406967163e-02
3.260000050067901611e-01,-9.909999966621398926e-01,8.500000089406967163e-02
3.260000050067901611e-01,-9.909999966621398926e-01,8.500000089406967163e-02
3.260000050067901611e-01,-9.909999966621398926e-01,8.500000089406967163e-02
3.260000050067901611e-01,-9.909999966621398926e-01,8.500000089406967163e-02
3.260000050067901611e-01,-9.909999966621398926e-01,8.500000089406967163e-02
3.260000050067901611e-01,-9.909999966621398926e-01,8.500000089406967163e-02
3.260000050067901611e-01,-9.909999966621398926e-01,8.500000089406967163e-02
3.260000050067901611e-01,-9.909999966621398926e-01,8.500000089406967163e-02
3.260000050067901611e-01,-9.909999966621398926e-01,8.500000089406967163e-02
3.260000050067901611e-01,-9.909999966621398926e-01,8.500000089406967163e-02
3.260000050067901611e-01,-9.909999966621398926e-01,8.500000089406967163e-02
3.260000050067901611e-01,-9.909999966621398926e-01,8.500000089406967163e-02
3.260000050067901611e-01,-9.909999966621398926e-01,8.500000089406967163e-02
3.260000050067901611e-01,-9.909999966621398926e-01,8.500000089406967163e-02
3.260000050067901611e-01,-9.909999966621398926e-01,8.500000089406967163e-02
3.260000050067901611e-01,-9.909999966621398926e-01,8.500000089406967163e-02
3.260000050067901611e-01,-9.909999966621398926e-01,8.500000089406967163e-02
3.260000050067901611e-01,-9.909999966621398926e-01,8.500000089406967163e-02
3.260000050067901611e-01,-9.909999966621398926e-01,8.500000089406967163e-02
3.260000050067901611e-01,-9.909999966621398926e-01,8.500000089406967163e-02
3.260000050067901611e-01,-9.909999966621398926e-01,8.500000089406967163e-02
3.260000050067901611e-01,-9.909999966621398926e-01,8.500000089406967163e-02
3.260000050067901611e-01,-9.909999966621398926e-01,8.500000089406967163e-02
3.260000050067901611e-01,-9.909999966621398926e-01,8.500000089406967163e-02
3.260000050067901611e-01,-9.909999966621398926e-01,8.500000089406967163e-02
3.260000050067901611e-01,-9.909999966621398926e-01,8.500000089406967163e-02
3.260000050067901611e-01,-9.909999966621398926e-01,8.500000089406967163e-02
3.260000050067901611e-01,-9.909999966621398926e-01,8.500000089406967163e-02
3.260000050067901611e-01,-9.909999966621398926e-01,8.500000089406967163e-02
3.260000050067901611e-01,-9.909999966621398926e-01,8.500000089406967163e-02
3.260000050067901611e-01,-9.909999966621398926e-01,8.500000089406967163e-02
3.260000050067901611e-01,-9.909999966621398926e-01,8.500000089406967163e-02
3.260000050067901611e-01,-9.909999966621398926e-01,8.500000089406967163e-02
3.260000050067901611e-01,-9.909999966621398926e-01,8.500000089406967163e-02
3.260000050067901611e-01,-9.909999966621398926e-01,8.500000089406967163e-02
3.260000050067901611e-01,-9.909999966621398926e-01,8.500000089406967163e-02
3.260000050067901611e-01,-9.909999966621398926e-01,8.500000089406967163e-02
3.260000050067901611e-01,-9.909999966621398926e-01,8.500000089406967163e-02
3.260000050067901611e-01,-9.909999966621398926e-01,8.500000089406967163e-02
3.260000050067901611e-01,-9.909999966621398926e-01,8.500000089406967163e-02
3.260000050067901611e-01,-9.909999966621398926e-01,8.500000089406967163e-02
3.260000050067901611e-01,-9.909999966621398926e-01,8.500000089406967163e-02
3.260000050067901611e-01,-9.909999966621398926e-01,8.500000089406967163e-02
3.260000050067901611e-01,-9.909999966621398926e-01,8.500000089406967163e-02
3.260000050067901611e-01,-9.909999966621398926e-01,8.500000089406967163e-02
3.260000050067901611e-01,-9.909999966621398926e-01,8.500000089406967163e-02
3.260000050067901611e-01,-9.909999966621398926e-01,8.500000089406967163e-02
3.260000050067901611e-01,-9.909999966621398926e-01,8.500000089406967163e-02
3.260000050067901611e-01,-9.909999966621398926e-01,8.500000089406967163e-02
3.260000050067901611e-01,-9.909999966621398926e-01,8.500000089406967163e-02
3.260000050067901611e-01,-9.909999966621398926e-01,8.500000089406967163e-02
3.260000050067901611e-01,-9.909999966621398926e-01,8.500000089406967163e-02
3.260000050067901611e-01,-9.909999966621398926e-01,8.500000089406967163e-02
3.260000050067901611e-01,-9.909999966621398926e-01,8.500000089406967163e-02
3.260000050067901611e-01,-9.909999966621398926e-01,8.500000089406967163e-02
3.260000050067901611e-01,-9.909999966621398926e-01,8.500000089406967163e-02
3.260000050067901611e-01,-9.909999966621398926e-01,8.500000089406967163e-02
3.930000066757202148e-01,-9.679999947547912598e-01,5.999999865889549255e-02
3.989999890327453613e-01,-9.670000076293945312e-01,5.700000002980232239e-02
4.059999883174896240e-01,-9.689999818801879883e-01,6.666667014360427856e-02
3.980000019073486328e-01,-9.649999737739562988e-01,7.666666526347398758e-03
3.869999945163726807e-01,-9.589999914169311523e-01,-4.399999976158142090e-02
3.910000026226043701e-01,-9.670000076293945312e-01,-6.633333116769790649e-02
4.020000100135803223e-01,-9.580000042915344238e-01,-6.633333116769790649e-02
4.193333387374877930e-01,-9.179999828338623047e-01,-7.333333045244216919e-02
4.253333210945129395e-01,-9.676666855812072754e-01,1.156482351783730253e-18
4.329999983310699463e-01,-9.580000042915344238e-01,7.133333384990692139e-02
4.460000097751617432e-01,-9.776666760444641113e-01,1.066666692495346069e-01
4.480000138282775879e-01,-9.649999737739562988e-01,1.199999973177909851e-01
4.239999949932098389e-01,-9.696666598320007324e-01,9.200000017881393433e-02
4.280000030994415283e-01,-9.393333196640014648e-01,1.000000014901161194e-01
4.009999930858612061e-01,-9.509999752044677734e-01,7.999999821186065674e-02
4.180000126361846924e-01,-9.509999752044677734e-01,9.099999815225601196e-02
3.889999985694885254e-01,-9.923333525657653809e-01,3.533333167433738708e-02
4.020000100135803223e-01,-9.620000123977661133e-01,1.766666583716869354e-02
3.939999938011169434e-01,-9.793333411216735840e-01,3.200000151991844177e-02
3.910000026226043701e-01,-9.639999866485595703e-01,5.766666680574417114e-02
3.899999856948852539e-01,-9.346666932106018066e-01,9.399999678134918213e-02
3.860000073909759521e-01,-9.610000252723693848e-01,1.066666692495346069e-01
4.133333265781402588e-01,-9.649999737739562988e-01,1.650000065565109253e-01
3.989999890327453613e-01,-9.716666936874389648e-01,1.506666690111160278e-01
3.753333389759063721e-01,-9.776666760444641113e-01,1.480000019073486328e-01
3.616666793823242188e-01,-9.990000128746032715e-01,1.553333401679992676e-01
3.569999933242797852e-01,-9.639999866485595703e-01,1.906666606664657593e-01
3.226666748523712158e-01,-9.559999704360961914e-01,1.896666735410690308e-01
3.039999902248382568e-01,-9.823333621025085449e-01,2.073333263397216797e-01
3.253333270549774170e-01,-9.776666760444641113e-01,2.423333376646041870e-01
3.039999902248382568e-01,-9.959999918937683105e-01,1.836666613817214966e-01
2.989999949932098389e-01,-9.686666727066040039e-01,1.749999970197677612e-01
3.050000071525573730e-01,-9.720000028610229492e-01,2.220000028610229492e-01
2.643333375453948975e-01,-9.766666889190673828e-01,2.489999979734420776e-01
2.306666672229766846e-01,-1.011000037193298340e+00,2.336666733026504517e-01
2.686666548252105713e-01,-9.776666760444641113e-01,2.286666631698608398e-01
2.843333184719085693e-01,-9.879999756813049316e-01,2.619999945163726807e-01
2.843333184719085693e-01,-9.746666550636291504e-01,2.529999911785125732e-01
2.280000001192092896e-01,-9.586666822433471680e-01,2.636666595935821533e-01
2.766666710376739502e-01,-9.909999966621398926e-01,3.019999861717224121e-01
2.483333349227905273e-01,-9.736666679382324219e-01,2.993333339691162109e-01
2.599999904632568359e-01,-9.736666679382324219e-01,3.686666786670684814e-01
2.396666705608367920e-01,-9.549999833106994629e-01,3.889999985694885254e-01
2.440000027418136597e-01,-9.823333621025085449e-01,4.289999902248382568e-01
2.549999952316284180e-01,-9.306666851043701172e-01,4.173333346843719482e-01
2.326666712760925293e-01,-9.413333535194396973e-01,4.173333346843719482e-01
2.686666548252105713e-01,-9.316666722297668457e-01,4.476666748523712158e-01
2.423333376646041870e-01,-8.926666378974914551e-01,4.426666796207427979e-01
3.050000071525573730e-01,-9.336666464805603027e-01,4.976666569709777832e-01
2.610000073909759521e-01,-9.443333148956298828e-01,4.456666707992553711e-01
2.756666541099548340e-01,-9.443333148956298828e-01,5.023333430290222168e-01
2.726666629314422607e-01,-8.830000162124633789e-01,5.023333430290222168e-01
2.716666758060455322e-01,-8.983333110809326172e-01,5.133333206176757812e-01
2.933333218097686768e-01,-9.150000214576721191e-01,4.709999859333038330e-01
3.293333351612091064e-01,-8.993333578109741211e-01,4.683333337306976318e-01
3.100000023841857910e-01,-9.459999799728393555e-01,3.536666631698608398e-01
3.423333466053009033e-01,-9.346666932106018066e-01,3.849999904632568359e-01
3.116666674613952637e-01,-9.423333406448364258e-01,3.616666793823242188e-01
3.050000071525573730e-01,-9.376666545867919922e-01,4.309999942779541016e-01
2.893333435058593750e-01,-9.266666769981384277e-01,4.643333256244659424e-01
2.796666622161865234e-01,-8.986666798591613770e-01,4.956666529178619385e-01
2.876666784286499023e-01,-8.893333077430725098e-01,4.779999852180480957e-01
3.059999942779541016e-01,-9.316666722297668457e-01,4.196666777133941650e-01
3.580000102519989014e-01,-9.326666593551635742e-01,3.696666657924652100e-01
3.086666762828826904e-01,-9.746666550636291504e-01,3.129999935626983643e-01
3.070000112056732178e-01,-9.243333339691162109e-01,3.930000066757202148e-01
3.170000016689300537e-01,-8.946666717529296875e-01,4.263333380222320557e-01
3.149999976158142090e-01,-9.150000214576721191e-01,3.626666665077209473e-01
3.160000145435333252e-01,-9.606666564941406250e-01,3.050000071525573730e-01
3.359999954700469971e-01,-9.509999752044677734e-01,3.089999854564666748e-01
3.383333384990692139e-01,-9.493333101272583008e-01,2.726666629314422607e-01
3.160000145435333252e-01,-9.666666388511657715e-01,2.276666611433029175e-01
3.106666803359985352e-01,-9.679999947547912598e-01,1.846666634082794189e-01
3.170000016689300537e-01,-9.823333621025085449e-01,1.816666722297668457e-01
3.253333270549774170e-01,-9.806666374206542969e-01,2.099999934434890747e-01
3.160000145435333252e-01,-9.499999880790710449e-01,2.129999995231628418e-01
3.070000112056732178e-01,-9.833333492279052734e-01,1.780000030994415283e-01
3.100000023841857910e-01,-9.959999918937683105e-01,1.620000004768371582e-01
2.980000078678131104e-01,-9.706666469573974609e-01,1.573333293199539185e-01
2.969999909400939941e-01,-9.766666889190673828e-01,1.720000058412551880e-01
2.960000038146972656e-01,-9.913333058357238770e-01,1.876666694879531860e-01
2.833333313465118408e-01,-9.660000205039978027e-01,1.729999929666519165e-01
2.989999949932098389e-01,-1.001999974250793457e+00,1.829999983310699463e-01
2.826666533946990967e-01,-9.890000224113464355e-01,1.583333313465118408e-01
2.063333392143249512e-01,-1.003333330154418945e+00,1.486666649580001831e-01
2.669999897480010986e-01,-1.006000041961669922e+00,1.829999983310699463e-01
2.949999868869781494e-01,-9.606666564941406250e-01,1.780000030994415283e-01
3.136666715145111084e-01,-9.696666598320007324e-01,1.739999949932098389e-01
2.816666662693023682e-01,-1.004999995231628418e+00,1.640000045299530029e-01
2.700000107288360596e-01,-9.823333621025085449e-01,1.780000030994415283e-01
2.689999938011169434e-01,-9.796666502952575684e-01,1.729999929666519165e-01
2.756666541099548340e-01,-9.796666502952575684e-01,1.840000003576278687e-01
2.873333394527435303e-01,-1.000000000000000000e+00,1.726666688919067383e-01
2.730000019073486328e-01,-9.959999918937683105e-01,2.043333351612091064e-01
2.610000073909759521e-01,-9.823333621025085449e-01,2.179999947547912598e-01
2.463333308696746826e-01,-9.940000176429748535e-01,1.993333399295806885e-01
2.403333336114883423e-01,-1.001999974250793457e+00,2.109999954700469971e-01
2.220000028610229492e-01,-1.019333362579345703e+00,2.033333331346511841e-01
2.366666644811630249e-01,-9.813333153724670410e-01,2.143333405256271362e-01
2.416666597127914429e-01,-1.031000018119812012e+00,2.463333308696746826e-01
2.269999980926513672e-01,-9.553333520889282227e-01,2.443333268165588379e-01
2.603333294391632080e-01,-9.656666517257690430e-01,2.520000040531158447e-01
2.323333323001861572e-01,-9.726666808128356934e-01,2.619999945163726807e-01
2.363333404064178467e-01,-9.660000205039978027e-01,2.479999959468841553e-01
2.210000008344650269e-01,-9.586666822433471680e-01,2.199999988079071045e-01
2.343333363533020020e-01,-9.520000219345092773e-01,2.313333302736282349e-01
2.196666598320007324e-01,-1.041666626930236816e+00,2.569999992847442627e-01
2.083333283662796021e-01,-9.996666908264160156e-01,2.503333389759063721e-01
2.073333263397216797e-01,-1.013666629791259766e+00,2.503333389759063721e-01
2.383333295583724976e-01,-1.028666615486145020e+00,2.590000033378601074e-01
2.269999980926513672e-01,-9.843333363533020020e-01,2.500000000000000000e-01
2.003333270549774170e-01,-9.773333072662353516e-01,2.416666597127914429e-01
2.206666618585586548e-01,-9.796666502952575684e-01,2.246666699647903442e-01
1.973333358764648438e-01,-1.001000046730041504e+00,2.150000035762786865e-01
2.023333311080932617e-01,-9.990000128746032715e-01,2.150000035762786865e-01
2.020000070333480835e-01,-9.176666736602783203e-01,1.913333386182785034e-01
2.393333315849304199e-01,-1.073333382606506348e+00,2.700000107288360596e-01
1.599999964237213135e-01,-9.593333601951599121e-01,2.296666651964187622e-01
2.520000040531158447e-01,-1.014999985694885254e+00,2.266666740179061890e-01
2.003333270549774170e-01,-1.075333356857299805e+00,1.850000023841857910e-01
2.500000000000000000e-01,-1.000000000000000000e+00,2.300000041723251343e-01
1.473333388566970825e-01,-1.006999969482421875e+00,1.316666603088378906e-01
1.979999989271163940e-01,-1.015333294868469238e+00,1.700000017881393433e-01
2.053333371877670288e-01,-9.903333187103271484e-01,2.099999934434890747e-01
2.033333331346511841e-01,-1.085000038146972656e+00,2.099999934434890747e-01
1.776666641235351562e-01,-1.050999999046325684e+00,2.269999980926513672e-01
1.806666702032089233e-01,-9.793333411216735840e-01,1.800000071525573730e-01
1.693333387374877930e-01,-1.037333369255065918e+00,1.933333277702331543e-01
1.446666717529296875e-01,-1.006666660308837891e+00,1.946666687726974487e-01
1.143333315849304199e-01,-9.943333268165588379e-01,1.263333261013031006e-01
1.306666731834411621e-01,-1.031999945640563965e+00,1.486666649580001831e-01
1.350000053644180298e-01,-1.034000039100646973e+00,1.406666636466979980e-01
1.143333315849304199e-01,-1.073333382606506348e+00,1.476666629314422607e-01
1.026666685938835144e-01,-1.106333374977111816e+00,1.583333313465118408e-01
6.166666746139526367e-02,-1.003333330154418945e+00,1.026666685938835144e-01
1.203333362936973572e-01,-1.103666663169860840e+00,1.776666641235351562e-01
3.999999910593032837e-02,-1.066333293914794922e+00,1.360000073909759521e-01
7.133333384990692139e-02,-1.069333314895629883e+00,1.589999943971633911e-01
2.466666698455810547e-02,-1.038333296775817871e+00,1.456666737794876099e-01
5.366666615009307861e-02,-1.057666659355163574e+00,1.809999942779541016e-01
2.800000086426734924e-02,-1.053666710853576660e+00,1.593333333730697632e-01
2.933333255350589752e-02,-1.044000029563903809e+00,1.640000045299530029e-01
1.666666753590106964e-02,-1.052999973297119141e+00,1.576666682958602905e-01
-1.066666655242443085e-02,-1.027999997138977051e+00,1.350000053644180298e-01
2.833333425223827362e-02,-1.055666685104370117e+00,1.936666667461395264e-01
-4.199999943375587463e-02,-1.064666628837585449e+00,1.613333374261856079e-01
-2.633333392441272736e-02,-1.106666684150695801e+00,2.090000063180923462e-01
-4.766666516661643982e-02,-1.055666685104370117e+00,1.800000071525573730e-01
-2.366666682064533234e-02,-1.023333311080932617e+00,1.876666694879531860e-01
9.666666388511657715e-03,-1.027333378791809082e+00,2.160000056028366089e-01
-3.533333167433738708e-02,-1.070333361625671387e+00,1.533333361148834229e-01
-6.633333116769790649e-02,-1.039000034332275391e+00,1.976666599512100220e-01
-2.000000094994902611e-03,-1.073333382606506348e+00,2.716666758060455322e-01
-7.033333182334899902e-02,-9.509999752044677734e-01,1.963333338499069214e-01
1.000000047497451305e-03,-1.158333301544189453e+00,1.816666722297668457e-01
-1.000000047497451305e-03,-1.088999986648559570e+00,2.013333290815353394e-01
-3.400000184774398804e-02,-9.980000257492065430e-01,1.903333365917205811e-01
-4.500000178813934326e-02,-1.088999986648559570e+00,2.043333351612091064e-01
-2.433333359658718109e-02,-1.034999966621398926e+00,1.923333406448364258e-01
-4.899999871850013733e-02,-1.069333314895629883e+00,1.786666661500930786e-01
-3.500000014901161194e-02,-1.018333315849304199e+00,1.973333358764648438e-01
-1.266666688024997711e-02,-1.152333378791809082e+00,2.099999934434890747e-01
-3.900000080466270447e-02,-9.940000176429748535e-01,1.496666669845581055e-01
-1.566666737198829651e-02,-1.113333344459533691e+00,1.770000010728836060e-01
-3.233333304524421692e-02,-1.062333345413208008e+00,1.623333394527435303e-01
-1.366666704416275024e-02,-9.626666903495788574e-01,2.346666604280471802e-01
1.466666627675294876e-02,-1.037333369255065918e+00,2.923333346843719482e-01
-4.233333468437194824e-02,-1.035333275794982910e+00,1.896666735410690308e-01
4.999999888241291046e-03,-1.094666719436645508e+00,1.780000030994415283e-01
-6.066666543483734131e-02,-1.152333378791809082e+00,1.483333259820938110e-01
3.000000026077032089e-03,-1.069333314895629883e+00,2.103333324193954468e-01
-6.533333659172058105e-02,-8.983333110809326172e-01,2.083333283662796021e-01
5.866666510701179504e-02,-9.490000009536743164e-01,4.016666710376739502e-01
-1.766666583716869354e-02,-1.208333373069763184e+00,2.660000026226043701e-01
4.399999976158142090e-02,-9.773333072662353516e-01,2.153333276510238647e-01
4.899999871850013733e-02,-1.082000017166137695e+00,2.029999941587448120e-01
3.700000047683715820e-02,-1.049999952316284180e+00,1.710000038146972656e-01
1.220000013709068298e-01,-9.813333153724670410e-01,3.793333470821380615e-01
4.800000041723251343e-02,-1.047999978065490723e+00,3.196666538715362549e-01
5.966666713356971741e-02,-1.007666707038879395e+00,2.726666629314422607e-01
6.166666746139526367e-02,-9.449999928474426270e-01,2.523333430290222168e-01
3.299999982118606567e-02,-1.131333351135253906e+00,2.759999930858612061e-01
6.033333390951156616e-02,-1.100666642189025879e+00,2.103333324193954468e-01
4.300000146031379700e-02,-9.783333539962768555e-01,2.070000022649765015e-01
3.833333402872085571e-02,-9.053333401679992676e-01,2.910000085830688477e-01
5.999999865889549255e-02,-1.098666667938232422e+00,3.576666712760925293e-01
2.433333359658718109e-02,-1.121000051498413086e+00,2.286666631698608398e-01
1.666666753590106964e-02,-1.019666671752929688e+00,1.906666606664657593e-01
3.599999845027923584e-02,-9.670000076293945312e-01,2.256666719913482666e-01
8.699999749660491943e-02,-9.869999885559082031e-01,3.246666789054870605e-01
9.600000083446502686e-02,-1.025666713714599609e+00,3.673333227634429932e-01
5.566666647791862488e-02,-1.070333361625671387e+00,2.756666541099548340e-01
3.999999910593032837e-02,-1.046000003814697266e+00,1.956666707992553711e-01
1.103333309292793274e-01,-1.013666629791259766e+00,1.983333379030227661e-01
1.700000017881393433e-01,-9.873333573341369629e-01,2.639999985694885254e-01
1.809999942779541016e-01,-9.900000095367431641e-01,2.776666581630706787e-01
1.916666626930236816e-01,-1.006999969482421875e+00,2.863333225250244141e-01
1.599999964237213135e-01,-1.019333362579345703e+00,2.266666740179061890e-01
1.459999978542327881e-01,-9.980000257492065430e-01,2.363333404064178467e-01
1.533333361148834229e-01,-1.003000020980834961e+00,2.649999856948852539e-01
1.430000066757202148e-01,-1.016000032424926758e+00,2.520000040531158447e-01
1.389999985694885254e-01,-1.003000020980834961e+00,2.469999939203262329e-01
1.386666595935821533e-01,-1.011999964714050293e+00,2.386666685342788696e-01
2.023333311080932617e-01,-1.008999943733215332e+00,2.256666719913482666e-01
2.730000019073486328e-01,-9.863333106040954590e-01,2.366666644811630249e-01
2.346666604280471802e-01,-9.803333282470703125e-01,2.373333275318145752e-01
2.129999995231628418e-01,-9.940000176429748535e-01,2.099999934434890747e-01
2.386666685342788696e-01,-1.001999974250793457e+00,2.140000015497207642e-01
2.290000021457672119e-01,-9.850000143051147461e-01,2.189999967813491821e-01
2.310000061988830566e-01,-9.933333396911621094e-01,2.169999927282333374e-01
2.199999988079071045e-01,-1.011000037193298340e+00,2.043333351612091064e-01
2.346666604280471802e-01,-9.853333234786987305e-01,1.973333358764648438e-01
2.280000001192092896e-01,-9.929999709129333496e-01,1.946666687726974487e-01
2.150000035762786865e-01,-1.006999969482421875e+00,1.990000009536743164e-01
2.249999940395355225e-01,-1.003999948501586914e+00,2.080000042915344238e-01
2.349999994039535522e-01,-9.869999885559082031e-01,2.020000070333480835e-01
2.489999979734420776e-01,-9.890000224113464355e-01,2.129999995231628418e-01
2.386666685342788696e-01,-9.950000047683715820e-01,2.199999988079071045e-01
2.440000027418136597e-01,-9.929999709129333496e-01,2.280000001192092896e-01
2.339999973773956299e-01,-9.900000095367431641e-01,2.300000041723251343e-01
2.360000014305114746e-01,-9.879999756813049316e-01,2.269999980926513672e-01
2.290000021457672119e-01,-9.980000257492065430e-01,2.300000041723251343e-01
2.129999995231628418e-01,-9.900000095367431641e-01,2.269999980926513672e-01
2.220000028610229492e-01,-9.940000176429748535e-01,2.259999960660934448e-01
2.210000008344650269e-01,-9.950000047683715820e-01,2.360000014305114746e-01
2.210000008344650269e-01,-9.950000047683715820e-01,2.249999940395355225e-01
2.189999967813491821e-01,-9.940000176429748535e-01,2.280000001192092896e-01
2.220000028610229492e-01,-9.879999756813049316e-01,2.310000061988830566e-01
2.119999974966049194e-01,-9.980000257492065430e-01,2.280000001192092896e-01
2.179999947547912598e-01,-9.959999918937683105e-01,2.423333376646041870e-01
2.140000015497207642e-01,-9.940000176429748535e-01,2.269999980926513672e-01
2.099999934434890747e-01,-9.959999918937683105e-01,2.360000014305114746e-01
2.039999961853027344e-01,-1.000000000000000000e+00,2.249999940395355225e-01
2.070000022649765015e-01,-1.001999974250793457e+00,2.249999940395355225e-01
2.249999940395355225e-01,-9.929999709129333496e-01,2.099999934434890747e-01
1.993333399295806885e-01,-1.003000020980834961e+00,2.109999954700469971e-01
2.119999974966049194e-01,-1.001999974250793457e+00,1.969999969005584717e-01
2.199999988079071045e-01,-1.000000000000000000e+00,2.039999961853027344e-01
2.179999947547912598e-01,-9.990000128746032715e-01,2.039999961853027344e-01
2.109999954700469971e-01,-1.006000041961669922e+00,2.060000002384185791e-01
2.140000015497207642e-01,-1.001999974250793457e+00,1.953333318233489990e-01
2.129999995231628418e-01,-9.990000128746032715e-01,1.943333297967910767e-01
2.140000015497207642e-01,-1.006999969482421875e+00,1.840000003576278687e-01
2.109999954700469971e-01,-1.001000046730041504e+00,1.749999970197677612e-01
2.210000008344650269e-01,-1.001999974250793457e+00,1.899999976158142090e-01
2.160000056028366089e-01,-1.006999969482421875e+00,1.870000064373016357e-01
2.090000063180923462e-01,-1.006999969482421875e+00,1.819999963045120239e-01
2.189999967813491821e-01,-1.004999995231628418e+00,1.850000023841857910e-01
2.109999954700469971e-01,-1.006999969482421875e+00,1.819999963045120239e-01
2.160000056028366089e-01,-1.006999969482421875e+00,1.899999976158142090e-01
2.199999988079071045e-01,-1.006999969482421875e+00,1.870000064373016357e-01
2.140000015497207642e-01,-1.000000000000000000e+00,1.829999983310699463e-01
2.160000056028366089e-01,-1.001000046730041504e+00,1.829999983310699463e-01
2.210000008344650269e-01,-1.006000041961669922e+00,1.926666647195816040e-01
2.189999967813491821e-01,-1.003000020980834961e+00,1.963333338499069214e-01
2.169999927282333374e-01,-1.001999974250793457e+00,1.959999948740005493e-01
2.189999967813491821e-01,-9.990000128746032715e-01,1.956666707992553711e-01
2.169999927282333374e-01,-1.001999974250793457e+00,1.920000016689300537e-01
2.129999995231628418e-01,-1.003000020980834961e+00,1.899999976158142090e-01
2.169999927282333374e-01,-1.003999948501586914e+00,1.946666687726974487e-01
2.179999947547912598e-01,-1.001999974250793457e+00,1.870000064373016357e-01
2.140000015497207642e-01,-1.003000020980834961e+00,1.920000016689300537e-01
2.179999947547912598e-01,-1.001999974250793457e+00,1.963333338499069214e-01
2.160000056028366089e-01,-1.000000000000000000e+00,1.969999969005584717e-01
2.230000048875808716e-01,-1.000000000000000000e+00,1.969999969005584717e-01
2.179999947547912598e-01,-1.000000000000000000e+00,1.979999989271163940e-01
2.150000035762786865e-01,-1.000000000000000000e+00,1.990000009536743164e-01
2.220000028610229492e-01,-1.001999974250793457e+00,1.990000009536743164e-01
2.189999967813491821e-01,-1.000000000000000000e+00,2.049999982118606567e-01
2.199999988079071045e-01,-9.990000128746032715e-01,2.020000070333480835e-01
2.210000008344650269e-01,-1.001999974250793457e+00,2.080000042915344238e-01
2.140000015497207642e-01,-9.980000257492065430e-01,2.060000002384185791e-01
2.220000028610229492e-01,-9.969999790191650391e-01,2.189999967813491821e-01
2.150000035762786865e-01,-9.990000128746032715e-01,2.109999954700469971e-01
2.160000056028366089e-01,-9.950000047683715820e-01,2.109999954700469971e-01
2.189999967813491821e-01,-1.001000046730041504e+00,2.140000015497207642e-01
2.129999995231628418e-01,-9.969999790191650391e-01,2.160000056028366089e-01
2.160000056028366089e-01,-9.990000128746032715e-01,2.150000035762786865e-01
2.169999927282333374e-01,-9.990000128746032715e-01,2.140000015497207642e-01
2.199999988079071045e-01,-9.940000176429748535e-01,2.140000015497207642e-01
2.179999947547912598e-01,-9.990000128746032715e-01,2.129999995231628418e-01
2.210000008344650269e-01,-9.909999966621398926e-01,2.109999954700469971e-01
2.199999988079071045e-01,-1.001999974250793457e+00,2.150000035762786865e-01
2.179999947547912598e-01,-1.000000000000000000e+00,2.090000063180923462e-01
2.220000028610229492e-01,-9.929999709129333496e-01,2.119999974966049194e-01
2.169999927282333374e-01,-1.001999974250793457e+00,2.029999941587448120e-01
2.230000048875808716e-01,-9.980000257492065430e-01,2.189999967813491821e-01
2.189999967813491821e-01,-9.980000257492065430e-01,2.080000042915344238e-01
2.189999967813491821e-01,-9.980000257492065430e-01,2.119999974966049194e-01
2.220000028610229492e-01,-9.980000257492065430e-01,2.080000042915344238e-01
2.189999967813491821e-01,-1.000000000000000000e+00,2.140000015497207642e-01
2.210000008344650269e-01,-9.969999790191650391e-01,2.090000063180923462e-01
2.150000035762786865e-01,-9.990000128746032715e-01,2.090000063180923462e-01
2.179999947547912598e-01,-9.950000047683715820e-01,2.099999934434890747e-01
2.189999967813491821e-01,-9.959999918937683105e-01,2.169999927282333374e-01
2.240000069141387939e-01,-9.980000257492065430e-01,2.160000056028366089e-01
2.189999967813491821e-01,-9.980000257492065430e-01,2.090000063180923462e-01
2.189999967813491821e-01,-9.959999918937683105e-01,2.109999954700469971e-01
2.230000048875808716e-01,-9.990000128746032715e-01,2.119999974966049194e-01
2.199999988079071045e-01,-9.929999709129333496e-01,2.080000042915344238e-01
2.220000028610229492e-01,-9.990000128746032715e-01,2.070000022649765015e-01
2.210000008344650269e-01,-1.000000000000000000e+00,2.119999974966049194e-01
2.169999927282333374e-01,-9.929999709129333496e-01,2.080000042915344238e-01
2.220000028610229492e-01,-1.000000000000000000e+00,2.099999934434890747e-01
2.169999927282333374e-01,-9.990000128746032715e-01,2.109999954700469971e-01
2.189999967813491821e-01,-9.969999790191650391e-01,2.099999934434890747e-01
2.230000048875808716e-01,-1.003000020980834961e+00,2.150000035762786865e-01
2.169999927282333374e-01,-9.990000128746032715e-01,2.029999941587448120e-01
2.140000015497207642e-01,-1.004999995231628418e+00,2.080000042915344238e-01
2.160000056028366089e-01,-1.001999974250793457e+00,2.010000050067901611e-01
2.230000048875808716e-01,-9.890000224113464355e-01,2.080000042915344238e-01
2.199999988079071045e-01,-1.001999974250793457e+00,2.080000042915344238e-01
2.169999927282333374e-01,-9.950000047683715820e-01,2.266666740179061890e-01
2.160000056028366089e-01,-9.919999837875366211e-01,2.343333363533020020e-01
2.016666680574417114e-01,-1.019333362579345703e+00,2.269999980926513672e-01
2.169999927282333374e-01,-9.860000014305114746e-01,1.759999990463256836e-01
2.140000015497207642e-01,-1.016666650772094727e+00,1.326666623353958130e-01
2.150000035762786865e-01,-1.013000011444091797e+00,1.066666692495346069e-01
2.246666699647903442e-01,-1.006999969482421875e+00,9.000000357627868652e-02
2.169999927282333374e-01,-1.013000011444091797e+00,7.999999821186065674e-02
2.249999940395355225e-01,-1.008000016212463379e+00,8.399999886751174927e-02
2.230000048875808716e-01,-1.018666625022888184e+00,1.046666651964187622e-01
2.280000001192092896e-01,-1.011999964714050293e+00,1.110000014305114746e-01
2.230000048875808716e-01,-1.013000011444091797e+00,1.120000034570693970e-01
2.269999980926513672e-01,-1.008999943733215332e+00,1.076666638255119324e-01
2.199999988079071045e-01,-1.011000037193298340e+00,1.220000013709068298e-01
2.199999988079071045e-01,-1.009999990463256836e+00,1.309999972581863403e-01
2.210000008344650269e-01,-1.008000016212463379e+00,1.270000040531158447e-01
2.150000035762786865e-01,-1.008999943733215332e+00,1.309999972581863403e-01
2.109999954700469971e-01,-1.011999964714050293e+00,1.360000073909759521e-01
2.140000015497207642e-01,-1.008999943733215332e+00,1.379999965429306030e-01
2.140000015497207642e-01,-1.008999943733215332e+00,1.379999965429306030e-01
2.140000015497207642e-01,-1.008999943733215332e+00,1.379999965429306030e-01
2.140000015497207642e-01,-1.008999943733215332e+00,1.379999965429306030e-01
2.140000015497207642e-01,-1.008999943733215332e+00,1.379999965429306030e-01
2.140000015497207642e-01,-1.008999943733215332e+00,1.379999965429306030e-01
2.140000015497207642e-01,-1.008999943733215332e+00,1.379999965429306030e-01
2.140000015497207642e-01,-1.008999943733215332e+00,1.379999965429306030e-01
2.140000015497207642e-01,-1.008999943733215332e+00,1.379999965429306030e-01
2.140000015497207642e-01,-1.008999943733215332e+00,1.379999965429306030e-01
2.140000015497207642e-01,-1.008999943733215332e+00,1.379999965429306030e-01
2.140000015497207642e-01,-1.008999943733215332e+00,1.379999965429306030e-01
2.140000015497207642e-01,-1.008999943733215332e+00,1.379999965429306030e-01
2.140000015497207642e-01,-1.008999943733215332e+00,1.379999965429306030e-01
2.140000015497207642e-01,-1.008999943733215332e+00,1.379999965429306030e-01
2.140000015497207642e-01,-1.008999943733215332e+00,1.379999965429306030e-01
2.140000015497207642e-01,-1.008999943733215332e+00,1.379999965429306030e-01
2.140000015497207642e-01,-1.008999943733215332e+00,1.379999965429306030e-01
2.140000015497207642e-01,-1.008999943733215332e+00,1.379999965429306030e-01
2.140000015497207642e-01,-1.008999943733215332e+00,1.379999965429306030e-01
2.140000015497207642e-01,-1.008999943733215332e+00,1.379999965429306030e-01
2.140000015497207642e-01,-1.008999943733215332e+00,1.379999965429306030e-01
2.140000015497207642e-01,-1.008999943733215332e+00,1.379999965429306030e-01
2.140000015497207642e-01,-1.008999943733215332e+00,1.379999965429306030e-01
2.140000015497207642e-01,-1.008999943733215332e+00,1.379999965429306030e-01
2.140000015497207642e-01,-1.008999943733215332e+00,1.379999965429306030e-01
2.140000015497207642e-01,-1.008999943733215332e+00,1.379999965429306030e-01
2.140000015497207642e-01,-1.008999943733215332e+00,1.379999965429306030e-01
2.140000015497207642e-01,-1.008999943733215332e+00,1.379999965429306030e-01
2.140000015497207642e-01,-1.008999943733215332e+00,1.379999965429306030e-01
2.140000015497207642e-01,-1.008999943733215332e+00,1.379999965429306030e-01
2.140000015497207642e-01,-1.008999943733215332e+00,1.379999965429306030e-01
2.140000015497207642e-01,-1.008999943733215332e+00,1.379999965429306030e-01
2.140000015497207642e-01,-1.008999943733215332e+00,1.379999965429306030e-01
2.140000015497207642e-01,-1.008999943733215332e+00,1.379999965429306030e-01
2.140000015497207642e-01,-1.008999943733215332e+00,1.379999965429306030e-01
2.140000015497207642e-01,-1.008999943733215332e+00,1.379999965429306030e-01
2.140000015497207642e-01,-1.008999943733215332e+00,1.379999965429306030e-01
2.140000015497207642e-01,-1.008999943733215332e+00,1.379999965429306030e-01
2.140000015497207642e-01,-1.008999943733215332e+00,1.379999965429306030e-01
3.666666746139526367e-01,-9.520000219345092773e-01,1.829999983310699463e-01
4.123333394527435303e-01,-9.363333582878112793e-01,1.710000038146972656e-01
4.420000016689300537e-01,-9.319999814033508301e-01,1.700000017881393433e-01
4.370000064373016357e-01,-9.580000042915344238e-01,1.466666609048843384e-01
4.163333475589752197e-01,-9.860000014305114746e-01,1.133333370089530945e-01
3.980000019073486328e-01,-9.649999737739562988e-01,1.193333342671394348e-01
4.079999923706054688e-01,-9.470000267028808594e-01,1.573333293199539185e-01
4.156666696071624756e-01,-9.720000028610229492e-01,1.846666634082794189e-01
4.280000030994415283e-01,-9.580000042915344238e-01,1.503333300352096558e-01
4.329999983310699463e-01,-9.393333196640014648e-01,9.200000017881393433e-02
4.583333432674407959e-01,-9.523333311080932617e-01,9.899999946355819702e-02
4.449999928474426270e-01,-9.533333182334899902e-01,7.100000232458114624e-02
4.359999895095825195e-01,-8.999999761581420898e-01,1.076666638255119324e-01
4.533333480358123779e-01,-9.666666388511657715e-01,1.356666684150695801e-01
4.056666791439056396e-01,-1.023333311080932617e+00,7.433333247900009155e-02
3.576666712760925293e-01,-8.986666798591613770e-01,6.066666543483734131e-02
4.036666750907897949e-01,-8.659999966621398926e-01,1.543333381414413452e-01
3.889999985694885254e-01,-1.141666650772094727e+00,1.420000046491622925e-01
3.313333392143249512e-01,-1.028333306312561035e+00,8.399999886751174927e-02
2.930000126361846924e-01,-9.133333563804626465e-01,8.799999952316284180e-02
2.903333306312561035e-01,-1.047666668891906738e+00,1.486666649580001831e-01
2.426666617393493652e-01,-9.383333325386047363e-01,1.316666603088378906e-01
3.783333301544189453e-01,-1.003333330154418945e+00,1.866666674613952637e-01
3.023333251476287842e-01,-8.679999709129333496e-01,1.796666681766510010e-01
4.616666734218597412e-01,-9.833333492279052734e-01,2.210000008344650269e-01
2.736666798591613770e-01,-1.115000009536743164e+00,1.766666583716869354e-02
3.440000116825103760e-01,-9.323333501815795898e-01,4.600000008940696716e-02
3.813333213329315186e-01,-1.086666703224182129e+00,1.006666645407676697e-01
3.146666586399078369e-01,-9.206666946411132812e-01,1.190000027418136597e-01
3.409999907016754150e-01,-8.230000138282775879e-01,1.280000060796737671e-01
3.666666746139526367e-01,-1.016666650772094727e+00,1.330000013113021851e-01
3.420000076293945312e-01,-1.109666705131530762e+00,8.399999886751174927e-02
3.263333439826965332e-01,-1.060333371162414551e+00,-3.233333304524421692e-02
2.326666712760925293e-01,-9.983333349227905273e-01,-1.180000007152557373e-01
2.853333353996276855e-01,-1.028666615486145020e+00,-5.000000074505805969e-02
3.109999895095825195e-01,-9.976666569709777832e-01,2.233333326876163483e-02
3.313333392143249512e-01,-1.039999961853027344e+00,1.866666600108146667e-02
3.253333270549774170e-01,-1.060666680335998535e+00,-5.900000035762786865e-02
2.883333265781402588e-01,-1.018666625022888184e+00,-1.829999983310699463e-01
3.000000119209289551e-01,-1.003000020980834961e+00,-2.366666644811630249e-01
2.689999938011169434e-01,-9.953333139419555664e-01,-2.383333295583724976e-01
2.846666574478149414e-01,-1.044999957084655762e+00,-1.963333338499069214e-01
3.079999983310699463e-01,-9.843333363533020020e-01,-1.193333342671394348e-01
3.276666700839996338e-01,-9.890000224113464355e-01,-1.270000040531158447e-01
2.833333313465118408e-01,-9.696666598320007324e-01,-2.189999967813491821e-01
2.813333272933959961e-01,-1.053666710853576660e+00,-2.709999978542327881e-01
3.059999942779541016e-01,-1.006999969482421875e+00,-2.423333376646041870e-01
3.079999983310699463e-01,-9.570000171661376953e-01,-2.189999967813491821e-01
3.106666803359985352e-01,-9.490000009536743164e-01,-1.679999977350234985e-01
3.646666705608367920e-01,-1.075000047683715820e+00,-1.866666674613952637e-01
2.639999985694885254e-01,-1.004999995231628418e+00,-2.786666750907897949e-01
2.910000085830688477e-01,-9.520000219345092773e-01,-2.843333184719085693e-01
3.196666538715362549e-01,-9.879999756813049316e-01,-2.793333232402801514e-01
3.519999980926513672e-01,-1.011000037193298340e+00,-2.306666672229766846e-01
3.636666536331176758e-01,-9.756666421890258789e-01,-2.226666659116744995e-01
3.236666619777679443e-01,-1.006999969482421875e+00,-2.980000078678131104e-01
2.619999945163726807e-01,-9.553333520889282227e-01,-3.079999983310699463e-01
3.519999980926513672e-01,-9.656666517257690430e-01,-2.216666638851165771e-01
3.423333466053009033e-01,-1.010666608810424805e+00,-1.846666634082794189e-01
3.039999902248382568e-01,-9.686666727066040039e-01,-2.303333282470703125e-01
3.276666700839996338e-01,-9.480000138282775879e-01,-1.643333286046981812e-01
3.843333423137664795e-01,-1.026000022888183594e+00,-8.466666936874389648e-02
3.686666786670684814e-01,-1.023333311080932617e+00,-9.566666930913925171e-02
3.499999940395355225e-01,-9.703333377838134766e-01,-9.033333510160446167e-02
3.939999938011169434e-01,-9.706666469573974609e-01,-6.633333116769790649e-02
3.666666746139526367e-01,-9.950000047683715820e-01,-7.833333313465118408e-02
3.549999892711639404e-01,-9.846666455268859863e-01,-7.133333384990692139e-02
3.409999907016754150e-01,-9.750000238418579102e-01,-1.049999967217445374e-01
3.510000109672546387e-01,-9.813333153724670410e-01,-9.000000357627868652e-02
3.793333470821380615e-01,-1.011333346366882324e+00,-2.833333425223827362e-02
3.619999885559082031e-01,-9.660000205039978027e-01,-2.833333425223827362e-02
3.803333342075347900e-01,-1.003000020980834961e+00,-4.000000189989805222e-03
3.743333220481872559e-01,-9.639999866485595703e-01,1.300000026822090149e-02
3.919999897480010986e-01,-9.660000205039978027e-01,5.266666784882545471e-02
3.906666636466979980e-01,-9.736666679382324219e-01,7.800000160932540894e-02
3.733333349227905273e-01,-9.766666889190673828e-01,9.066666662693023682e-02
3.799999952316284180e-01,-9.620000123977661133e-01,9.300000220537185669e-02
3.849999904632568359e-01,-9.689999818801879883e-01,9.499999880790710449e-02
3.849999904632568359e-01,-9.883333444595336914e-01,9.200000017881393433e-02
3.600000143051147461e-01,-9.726666808128356934e-01,7.233333587646484375e-02
4.163333475589752197e-01,-9.649999737739562988e-01,1.523333340883255005e-01
3.756666779518127441e-01,-1.008000016212463379e+00,1.689999997615814209e-01
3.793333470821380615e-01,-9.813333153724670410e-01,1.640000045299530029e-01
3.706666529178619385e-01,-9.296666383743286133e-01,1.593333333730697632e-01
3.970000147819519043e-01,-9.803333282470703125e-01,1.963333338499069214e-01
3.440000116825103760e-01,-9.393333196640014648e-01,1.780000030994415283e-01
4.300000071525573730e-01,-9.316666722297668457e-01,2.109999954700469971e-01
3.716666698455810547e-01,-1.012666702270507812e+00,1.889999955892562866e-01
3.843333423137664795e-01,-9.900000095367431641e-01,2.119999974966049194e-01
3.613333404064178467e-01,-9.696666598320007324e-01,1.749999970197677612e-01
3.883333206176757812e-01,-9.923333525657653809e-01,1.620000004768371582e-01
3.746666610240936279e-01,-9.559999704360961914e-01,1.770000010728836060e-01
3.706666529178619385e-01,-9.803333282470703125e-01,1.889999955892562866e-01
3.743333220481872559e-01,-9.746666550636291504e-01,1.926666647195816040e-01
3.673333227634429932e-01,-9.509999752044677734e-01,1.776666641235351562e-01
3.636666536331176758e-01,-1.000000000000000000e+00,1.800000071525573730e-01
3.510000109672546387e-01,-9.649999737739562988e-01,1.563333272933959961e-01
3.479999899864196777e-01,-1.005666613578796387e+00,1.379999965429306030e-01
3.333333432674407959e-01,-1.008666634559631348e+00,1.476666629314422607e-01
3.293333351612091064e-01,-9.676666855812072754e-01,1.386666595935821533e-01
3.619999885559082031e-01,-9.620000123977661133e-01,1.790000051259994507e-01
3.540000021457672119e-01,-9.739999771118164062e-01,1.786666661500930786e-01
3.400000035762786865e-01,-9.826666712760925293e-01,1.856666654348373413e-01
3.206666707992553711e-01,-9.919999837875366211e-01,1.613333374261856079e-01
3.316666781902313232e-01,-9.833333492279052734e-01,1.650000065565109253e-01
3.253333270549774170e-01,-9.813333153724670410e-01,1.546666622161865234e-01
3.343333303928375244e-01,-9.969999790191650391e-01,1.553333401679992676e-01
3.266666531562805176e-01,-9.850000143051147461e-01,1.299999952316284180e-01
3.403333425521850586e-01,-9.963333606719970703e-01,1.360000073909759521e-01
3.249999880790710449e-01,-9.913333058357238770e-01,1.369999945163726807e-01
3.370000123977661133e-01,-9.843333363533020020e-01,1.350000053644180298e-01
3.249999880790710449e-01,-9.943333268165588379e-01,1.129999980330467224e-01
3.293333351612091064e-01,-9.900000095367431641e-01,1.190000027418136597e-01
3.206666707992553711e-01,-9.776666760444641113e-01,1.456666737794876099e-01
3.733333349227905273e-01,-1.011666655540466309e+00,2.143333405256271362e-01
3.569999933242797852e-01,-9.923333525657653809e-01,2.129999995231628418e-01
3.580000102519989014e-01,-9.746666550636291504e-01,1.906666606664657593e-01
3.490000069141387939e-01,-9.793333411216735840e-01,1.533333361148834229e-01
3.009999990463256836e-01,-9.533333182334899902e-01,1.116666644811630249e-01
3.440000116825103760e-01,-9.903333187103271484e-01,1.289999932050704956e-01
3.249999880790710449e-01,-1.029000043869018555e+00,1.233333349227905273e-01
3.470000028610229492e-01,-1.003666639328002930e+00,1.496666669845581055e-01
3.293333351612091064e-01,-9.823333621025085449e-01,1.253333389759063721e-01
3.283333480358123779e-01,-9.700000286102294922e-01,1.616666615009307861e-01
3.243333399295806885e-01,-9.679999947547912598e-01,1.503333300352096558e-01
3.283333480358123779e-01,-1.015666723251342773e+00,1.446666717529296875e-01
3.246666789054870605e-01,-9.980000257492065430e-01,1.036666631698608398e-01
3.246666789054870605e-01,-1.010666608810424805e+00,1.123333349823951721e-01
3.089999854564666748e-01,-9.756666421890258789e-01,1.190000027418136597e-01
3.333333432674407959e-01,-9.943333268165588379e-01,1.543333381414413452e-01
3.266666531562805176e-01,-1.006000041961669922e+00,1.366666704416275024e-01
3.223333358764648438e-01,-9.793333411216735840e-01,9.766666591167449951e-02
3.129999935626983643e-01,-1.003999948501586914e+00,8.299999684095382690e-02
3.009999990463256836e-01,-9.843333363533020020e-01,8.399999886751174927e-02
3.236666619777679443e-01,-1.004666686058044434e+00,9.399999678134918213e-02
3.140000104904174805e-01,-1.029000043869018555e+00,7.800000160932540894e-02
3.210000097751617432e-01,-1.003000020980834961e+00,8.600000292062759399e-02
3.179999887943267822e-01,-1.007666707038879395e+00,7.800000160932540894e-02
2.960000038146972656e-01,-9.746666550636291504e-01,7.199999690055847168e-02
2.879999876022338867e-01,-1.014000058174133301e+00,8.500000089406967163e-02
2.853333353996276855e-01,-1.012666702270507812e+00,1.116666644811630249e-01
3.009999990463256836e-01,-9.793333411216735840e-01,1.340000033378601074e-01
2.833333313465118408e-01,-1.000000000000000000e+00,1.270000040531158447e-01
2.843333184719085693e-01,-9.950000047683715820e-01,1.389999985694885254e-01
3.030000030994415283e-01,-9.746666550636291504e-01,1.466666609048843384e-01
2.949999868869781494e-01,-9.666666388511657715e-01,1.513333320617675781e-01
2.836666703224182129e-01,-9.756666421890258789e-01,1.340000033378601074e-01
2.560000121593475342e-01,-9.950000047683715820e-01,8.966666460037231445e-02
2.913333475589752197e-01,-1.067333340644836426e+00,8.433333039283752441e-02
2.323333323001861572e-01,-9.793333411216735840e-01,6.766666471958160400e-02
2.403333336114883423e-01,-9.726666808128356934e-01,1.086666658520698547e-01
2.419999986886978149e-01,-1.029000043869018555e+00,1.360000073909759521e-01
2.343333363533020020e-01,-1.008000016212463379e+00,1.369999945163726807e-01
2.443333268165588379e-01,-9.963333606719970703e-01,1.360000073909759521e-01
2.199999988079071045e-01,-1.000000000000000000e+00,1.389999985694885254e-01
2.129999995231628418e-01,-9.670000076293945312e-01,1.220000013709068298e-01
2.240000069141387939e-01,-1.057666659355163574e+00,1.456666737794876099e-01
2.043333351612091064e-01,-9.973333477973937988e-01,1.360000073909759521e-01
2.513333261013031006e-01,-1.039000034332275391e+00,1.790000051259994507e-01
2.006666660308837891e-01,-9.443333148956298828e-01,2.150000035762786865e-01
2.336666733026504517e-01,-9.873333573341369629e-01,2.186666727066040039e-01
2.196666598320007324e-01,-1.066333293914794922e+00,1.953333318233489990e-01
2.383333295583724976e-01,-1.047000050544738770e+00,1.749999970197677612e-01
2.063333392143249512e-01,-1.034333348274230957e+00,1.749999970197677612e-01
2.353333383798599243e-01,-9.990000128746032715e-01,2.073333263397216797e-01
2.090000063180923462e-01,-1.003000020980834961e+00,2.029999941587448120e-01
2.249999940395355225e-01,-1.022333383560180664e+00,2.119999974966049194e-01
2.403333336114883423e-01,-9.950000047683715820e-01,2.396666705608367920e-01
2.246666699647903442e-01,-1.007666707038879395e+00,2.483333349227905273e-01
2.206666618585586548e-01,-9.726666808128356934e-01,2.630000114440917969e-01
2.220000028610229492e-01,-9.893333315849304199e-01,2.450000047683715820e-01
2.210000008344650269e-01,-1.024333357810974121e+00,2.806666791439056396e-01
2.256666719913482666e-01,-9.853333234786987305e-01,2.443333268165588379e-01
2.346666604280471802e-01,-9.919999837875366211e-01,2.599999904632568359e-01
1.996666640043258667e-01,-9.443333148956298828e-01,2.296666651964187622e-01
2.199999988079071045e-01,-9.786666631698608398e-01,2.630000114440917969e-01
2.326666712760925293e-01,-1.027999997138977051e+00,2.706666588783264160e-01
2.630000114440917969e-01,-1.021666646003723145e+00,2.630000114440917969e-01
2.280000001192092896e-01,-9.940000176429748535e-01,2.473333328962326050e-01
2.329999953508377075e-01,-9.559999704360961914e-01,2.689999938011169434e-01
2.306666672229766846e-01,-9.589999914169311523e-01,2.853333353996276855e-01
2.290000021457672119e-01,-9.686666727066040039e-01,2.883333265781402588e-01
2.346666604280471802e-01,-9.929999709129333496e-01,2.739999890327453613e-01
2.259999960660934448e-01,-9.940000176429748535e-01,2.720000147819519043e-01
2.199999988079071045e-01,-9.943333268165588379e-01,2.649999856948852539e-01
2.280000001192092896e-01,-9.766666889190673828e-01,2.786666750907897949e-01
2.240000069141387939e-01,-9.873333573341369629e-01,2.899999916553497314e-01
2.249999940395355225e-01,-9.883333444595336914e-01,2.853333353996276855e-01
2.280000001192092896e-01,-9.826666712760925293e-01,2.863333225250244141e-01
2.306666672229766846e-01,-1.004999995231628418e+00,2.786666750907897949e-01
2.169999927282333374e-01,-9.599999785423278809e-01,2.639999985694885254e-01
2.343333363533020020e-01,-1.011666655540466309e+00,2.706666588783264160e-01
2.080000042915344238e-01,-9.463333487510681152e-01,2.520000040531158447e-01
2.336666733026504517e-01,-9.843333363533020020e-01,2.533333301544189453e-01
2.073333263397216797e-01,-9.620000123977661133e-01,2.300000041723251343e-01
1.899999976158142090e-01,-1.007666707038879395e+00,2.433333396911621094e-01
2.280000001192092896e-01,-9.940000176429748535e-01,2.590000033378601074e-01
2.269999980926513672e-01,-9.869999885559082031e-01,2.376666665077209473e-01
2.376666665077209473e-01,-1.021666646003723145e+00,2.549999952316284180e-01
1.759999990463256836e-01,-9.539999961853027344e-01,1.913333386182785034e-01
2.403333336114883423e-01,-1.037999987602233887e+00,2.033333331346511841e-01
2.010000050067901611e-01,-1.039333343505859375e+00,1.723333299160003662e-01
2.083333283662796021e-01,-1.003999948501586914e+00,1.583333313465118408e-01
1.926666647195816040e-01,-9.973333477973937988e-01,1.613333374261856079e-01
1.979999989271163940e-01,-9.893333315849304199e-01,1.850000023841857910e-01
1.700000017881393433e-01,-9.729999899864196777e-01,1.826666593551635742e-01
1.759999990463256836e-01,-1.021333336830139160e+00,2.179999947547912598e-01
1.430000066757202148e-01,-1.017666697502136230e+00,2.070000022649765015e-01
1.609999984502792358e-01,-1.027999997138977051e+00,2.326666712760925293e-01
1.326666623353958130e-01,-1.007666707038879395e+00,2.463333308696746826e-01
1.233333349227905273e-01,-1.009999990463256836e+00,2.563333213329315186e-01
1.096666678786277771e-01,-1.003999948501586914e+00,2.739999890327453613e-01
1.103333309292793274e-01,-1.023333311080932617e+00,2.590000033378601074e-01
1.096666678786277771e-01,-1.009999990463256836e+00,2.463333308696746826e-01
1.220000013709068298e-01,-1.027333378791809082e+00,2.590000033378601074e-01
1.086666658520698547e-01,-1.025333285331726074e+00,2.509999871253967285e-01
1.563333272933959961e-01,-1.006000041961669922e+00,2.529999911785125732e-01
1.993333399295806885e-01,-9.959999918937683105e-01,2.376666665077209473e-01
2.043333351612091064e-01,-9.990000128746032715e-01,2.199999988079071045e-01
1.923333406448364258e-01,-9.853333234786987305e-01,2.210000008344650269e-01
1.889999955892562866e-01,-9.953333139419555664e-01,2.329999953508377075e-01
1.963333338499069214e-01,-1.003999948501586914e+00,2.366666644811630249e-01
1.593333333730697632e-01,-1.022333383560180664e+00,2.416666597127914429e-01
1.503333300352096558e-01,-1.015666723251342773e+00,2.460000067949295044e-01
1.430000066757202148e-01,-1.001000046730041504e+00,2.356666624546051025e-01
1.350000053644180298e-01,-1.019666671752929688e+00,2.353333383798599243e-01
1.330000013113021851e-01,-1.013000011444091797e+00,2.373333275318145752e-01
1.289999932050704956e-01,-1.006000041961669922e+00,2.363333404064178467e-01
1.319999992847442627e-01,-1.014666676521301270e+00,2.460000067949295044e-01
1.360000073909759521e-01,-1.037999987602233887e+00,2.393333315849304199e-01
1.230000033974647522e-01,-1.014000058174133301e+00,2.240000069141387939e-01
1.410000026226043701e-01,-1.003000020980834961e+00,2.300000041723251343e-01
1.309999972581863403e-01,-1.037999987602233887e+00,2.259999960660934448e-01
1.299999952316284180e-01,-9.913333058357238770e-01,2.259999960660934448e-01
1.406666636466979980e-01,-1.003666639328002930e+00,2.310000061988830566e-01
1.289999932050704956e-01,-1.024666666984558105e+00,2.316666692495346069e-01
1.000000014901161194e-01,-1.006000041961669922e+00,2.440000027418136597e-01
6.266666948795318604e-02,-1.014999985694885254e+00,2.419999986886978149e-01
8.299999684095382690e-02,-1.024333357810974121e+00,2.569999992847442627e-01
1.136666685342788696e-01,-1.023333311080932617e+00,2.520000040531158447e-01
8.200000226497650146e-02,-1.054666638374328613e+00,2.230000048875808716e-01
9.899999946355819702e-02,-1.035333275794982910e+00,2.316666692495346069e-01
9.866666793823242188e-02,-1.014666676521301270e+00,2.520000040531158447e-01
5.666666850447654724e-02,-1.042999982833862305e+00,2.343333363533020020e-01
5.999999865889549255e-02,-1.057999968528747559e+00,2.249999940395355225e-01
4.699999839067459106e-02,-1.036999940872192383e+00,2.220000028610229492e-01
4.899999871850013733e-02,-1.014000058174133301e+00,2.230000048875808716e-01
5.400000140070915222e-02,-1.053666710853576660e+00,2.199999988079071045e-01
5.200000107288360596e-02,-1.064666628837585449e+00,2.230000048875808716e-01
2.800000086426734924e-02,-1.027333378791809082e+00,2.169999927282333374e-01
3.700000047683715820e-02,-1.006666660308837891e+00,2.150000035762786865e-01
3.299999982118606567e-02,-1.063666701316833496e+00,2.300000041723251343e-01
3.900000080466270447e-02,-1.052666664123535156e+00,2.316666692495346069e-01
1.666666753590106964e-02,-1.027333378791809082e+00,2.049999982118606567e-01
2.700000070035457611e-02,-1.023333311080932617e+00,2.210000008344650269e-01
3.400000184774398804e-02,-1.055666685104370117e+00,2.460000067949295044e-01
1.766666583716869354e-02,-1.063333392143249512e+00,2.349999994039535522e-01
1.466666627675294876e-02,-1.042999982833862305e+00,2.349999994039535522e-01
1.666666753590106964e-02,-1.024000048637390137e+00,2.300000041723251343e-01
2.233333326876163483e-02,-1.044999957084655762e+00,2.300000041723251343e-01
3.200000151991844177e-02,-1.042000055313110352e+00,2.280000001192092896e-01
3.999999910593032837e-02,-1.057999968528747559e+00,2.150000035762786865e-01
3.233333304524421692e-02,-1.029999971389770508e+00,2.049999982118606567e-01
5.966666713356971741e-02,-1.042999982833862305e+00,2.210000008344650269e-01
6.233333423733711243e-02,-1.044000029563903809e+00,2.169999927282333374e-01
5.099999904632568359e-02,-1.036000013351440430e+00,1.943333297967910767e-01
5.666666850447654724e-02,-1.034000039100646973e+00,1.946666687726974487e-01
7.299999892711639404e-02,-1.034000039100646973e+00,1.819999963045120239e-01
9.000000357627868652e-02,-1.044999957084655762e+00,1.689999997615814209e-01
1.030000001192092896e-01,-1.031000018119812012e+00,1.650000065565109253e-01
8.799999952316284180e-02,-1.054000020027160645e+00,1.669999957084655762e-01
6.333333253860473633e-02,-1.047999978065490723e+00,1.543333381414413452e-01
5.466666817665100098e-02,-1.036000013351440430e+00,1.369999945163726807e-01
6.700000166893005371e-02,-1.031999945640563965e+00,1.220000013709068298e-01
8.299999684095382690e-02,-1.047999978065490723e+00,1.270000040531158447e-01
1.369999945163726807e-01,-1.021333336830139160e+00,1.113333329558372498e-01
2.103333324193954468e-01,-1.026000022888183594e+00,9.300000220537185669e-02
2.500000000000000000e-01,-1.013000011444091797e+00,7.500000298023223877e-02
2.339999973773956299e-01,-1.016666650772094727e+00,7.299999892711639404e-02
2.393333315849304199e-01,-1.006000041961669922e+00,8.100000023841857910e-02
1.846666634082794189e-01,-1.021333336830139160e+00,8.500000089406967163e-02
1.553333401679992676e-01,-1.026999950408935547e+00,8.600000292062759399e-02
1.640000045299530029e-01,-1.023333311080932617e+00,8.299999684095382690e-02
1.630000025033950806e-01,-1.026000022888183594e+00,9.000000357627868652e-02
1.710000038146972656e-01,-1.031000018119812012e+00,9.000000357627868652e-02
1.650000065565109253e-01,-1.029000043869018555e+00,9.300000220537185669e-02
1.599999964237213135e-01,-1.024999976158142090e+00,8.699999749660491943e-02
1.630000025033950806e-01,-1.027999997138977051e+00,9.300000220537185669e-02
2.336666733026504517e-01,-1.021333336830139160e+00,6.933332979679107666e-02
3.293333351612091064e-01,-9.969999790191650391e-01,5.299999937415122986e-02
2.766666710376739502e-01,-9.959999918937683105e-01,4.899999871850013733e-02
2.296666651964187622e-01,-9.990000128746032715e-01,4.100000113248825073e-02
2.770000100135803223e-01,-1.023000001907348633e+00,4.800000041723251343e-02
2.610000073909759521e-01,-1.003999948501586914e+00,4.300000146031379700e-02
2.649999856948852539e-01,-9.950000047683715820e-01,2.899999916553497314e-02
2.469999939203262329e-01,-1.018666625022888184e+00,3.099999949336051941e-02
2.639999985694885254e-01,-1.004999995231628418e+00,3.999999910593032837e-02
2.689999938011169434e-01,-1.001999974250793457e+00,3.900000080466270447e-02
2.569999992847442627e-01,-1.014999985694885254e+00,4.699999839067459106e-02
2.569999992847442627e-01,-1.006000041961669922e+00,5.200000107288360596e-02
2.639999985694885254e-01,-1.006999969482421875e+00,5.099999904632568359e-02
2.660000026226043701e-01,-1.011999964714050293e+00,5.499999970197677612e-02
2.560000121593475342e-01,-1.009999990463256836e+00,4.800000041723251343e-02
2.680000066757202148e-01,-1.009999990463256836e+00,4.899999871850013733e-02
2.649999856948852539e-01,-1.004999995231628418e+00,5.200000107288360596e-02
2.549999952316284180e-01,-1.006999969482421875e+00,4.300000146031379700e-02
2.669999897480010986e-01,-1.006999969482421875e+00,4.500000178813934326e-02
2.610000073909759521e-01,-1.011999964714050293e+00,4.899999871850013733e-02
2.599999904632568359e-01,-1.006000041961669922e+00,5.099999904632568359e-02
2.630000114440917969e-01,-1.008000016212463379e+00,5.299999937415122986e-02
2.619999945163726807e-01,-1.003999948501586914e+00,4.399999976158142090e-02
2.610000073909759521e-01,-1.009999990463256836e+00,5.099999904632568359e-02
2.660000026226043701e-01,-1.006000041961669922e+00,4.800000041723251343e-02
2.599999904632568359e-01,-1.006999969482421875e+00,4.899999871850013733e-02
2.619999945163726807e-01,-1.011000037193298340e+00,4.899999871850013733e-02
2.619999945163726807e-01,-1.006999969482421875e+00,5.099999904632568359e-02
2.649999856948852539e-01,-1.004999995231628418e+00,4.899999871850013733e-02
2.630000114440917969e-01,-1.011000037193298340e+00,4.800000041723251343e-02
2.630000114440917969e-01,-1.003000020980834961e+00,5.299999937415122986e-02
2.619999945163726807e-01,-1.006999969482421875e+00,4.800000041723251343e-02
2.649999856948852539e-01,-1.003000020980834961e+00,4.699999839067459106e-02
2.630000114440917969e-01,-1.011000037193298340e+00,5.099999904632568359e-02
2.639999985694885254e-01,-1.009999990463256836e+00,4.899999871850013733e-02
2.660000026226043701e-01,-1.003999948501586914e+00,5.400000140070915222e-02
2.649999856948852539e-01,-1.008000016212463379e+00,4.899999871850013733e-02
2.689999938011169434e-01,-1.006999969482421875e+00,5.400000140070915222e-02
2.660000026226043701e-01,-1.006999969482421875e+00,5.499999970197677612e-02
2.660000026226043701e-01,-1.009999990463256836e+00,5.600000172853469849e-02
2.619999945163726807e-01,-1.006999969482421875e+00,5.600000172853469849e-02
2.649999856948852539e-01,-1.006000041961669922e+00,5.499999970197677612e-02
2.639999985694885254e-01,-1.008000016212463379e+00,5.400000140070915222e-02
2.689999938011169434e-01,-1.006000041961669922e+00,5.200000107288360596e-02
2.649999856948852539e-01,-1.004999995231628418e+00,5.200000107288360596e-02
2.680000066757202148e-01,-1.006999969482421875e+00,4.800000041723251343e-02
2.680000066757202148e-01,-1.006000041961669922e+00,5.000000074505805969e-02
2.680000066757202148e-01,-1.006999969482421875e+00,4.600000008940696716e-02
2.689999938011169434e-01,-1.004999995231628418e+00,4.600000008940696716e-02
2.680000066757202148e-01,-1.004999995231628418e+00,5.299999937415122986e-02
2.660000026226043701e-01,-1.008999943733215332e+00,4.899999871850013733e-02
2.649999856948852539e-01,-1.003999948501586914e+00,4.399999976158142090e-02
2.680000066757202148e-01,-1.008999943733215332e+00,4.300000146031379700e-02
2.669999897480010986e-01,-1.003999948501586914e+00,3.299999982118606567e-02
2.549999952316284180e-01,-1.011999964714050293e+00,2.933333255350589752e-02
2.746666669845581055e-01,-1.019666671752929688e+00,6.266666948795318604e-02
2.509999871253967285e-01,-9.879999756813049316e-01,0.000000000000000000e+00
2.549999952316284180e-01,-1.006000041961669922e+00,-1.766666583716869354e-02
2.759999930858612061e-01,-1.008999943733215332e+00,2.066666632890701294e-02
2.649999856948852539e-01,-1.011999964714050293e+00,2.400000020861625671e-02
2.689999938011169434e-01,-1.006999969482421875e+00,1.600000075995922089e-02
2.730000019073486328e-01,-1.006000041961669922e+00,1.200000010430812836e-02
2.660000026226043701e-01,-1.003999948501586914e+00,1.300000026822090149e-02
2.669999897480010986e-01,-1.003999948501586914e+00,1.566666737198829651e-02
2.680000066757202148e-01,-1.008999943733215332e+00,1.866666600108146667e-02
2.649999856948852539e-01,-1.006999969482421875e+00,1.766666583716869354e-02
2.660000026226043701e-01,-1.008000016212463379e+00,2.233333326876163483e-02
2.649999856948852539e-01,-1.009999990463256836e+00,1.766666583716869354e-02
2.680000066757202148e-01,-1.004999995231628418e+00,2.300000004470348358e-02
2.649999856948852539e-01,-1.009999990463256836e+00,1.866666600108146667e-02
2.660000026226043701e-01,-1.003000020980834961e+00,1.799999922513961792e-02
2.689999938011169434e-01,-1.004999995231628418e+00,1.799999922513961792e-02
2.660000026226043701e-01,-1.008000016212463379e+00,1.966666616499423981e-02
2.660000026226043701e-01,-1.006999969482421875e+00,1.766666583716869354e-02
2.680000066757202148e-01,-1.006999969482421875e+00,1.700000092387199402e-02
2.660000026226043701e-01,-1.006999969482421875e+00,2.033333294093608856e-02
2.700000107288360596e-01,-1.004999995231628418e+00,1.700000092387199402e-02
2.709999978542327881e-01,-1.009999990463256836e+00,1.700000092387199402e-02
2.709999978542327881e-01,-1.003000020980834961e+00,2.600000053644180298e-02
2.709999978542327881e-01,-1.004999995231628418e+00,2.700000070035457611e-02
2.750000059604644775e-01,-1.006999969482421875e+00,2.300000004470348358e-02
2.700000107288360596e-01,-1.006999969482421875e+00,1.866666600108146667e-02
2.750000059604644775e-01,-1.006000041961669922e+00,2.233333326876163483e-02
2.669999897480010986e-01,-1.003000020980834961e+00,1.700000092387199402e-02
2.700000107288360596e-01,-1.006999969482421875e+00,1.966666616499423981e-02
2.700000107288360596e-01,-1.006000041961669922e+00,2.033333294093608856e-02
2.689999938011169434e-01,-1.001000046730041504e+00,2.400000020861625671e-02
2.700000107288360596e-01,-1.008999943733215332e+00,2.500000037252902985e-02
2.720000147819519043e-01,-1.001999974250793457e+00,2.500000037252902985e-02
2.700000107288360596e-01,-1.006999969482421875e+00,2.700000070035457611e-02
2.689999938011169434e-01,-1.008999943733215332e+00,2.800000086426734924e-02
2.680000066757202148e-01,-1.004999995231628418e+00,2.999999932944774628e-02
2.700000107288360596e-01,-1.004999995231628418e+00,3.200000151991844177e-02
2.680000066757202148e-01,-1.003999948501586914e+00,4.100000113248825073e-02
2.660000026226043701e-01,-1.006999969482421875e+00,5.099999904632568359e-02
2.709999978542327881e-01,-1.003000020980834961e+00,5.900000035762786865e-02
2.660000026226043701e-01,-1.001999974250793457e+00,5.900000035762786865e-02
2.709999978542327881e-01,-1.003999948501586914e+00,8.699999749660491943e-02
2.770000100135803223e-01,-9.953333139419555664e-01,1.036666631698608398e-01
2.680000066757202148e-01,-1.003000020980834961e+00,1.273333281278610229e-01
2.846666574478149414e-01,-9.843333363533020020e-01,1.613333374261856079e-01
2.563333213329315186e-01,-1.000000000000000000e+00,1.573333293199539185e-01
2.646666765213012695e-01,-1.001000046730041504e+00,1.673333346843719482e-01
2.766666710376739502e-01,-9.823333621025085449e-01,1.860000044107437134e-01
2.423333376646041870e-01,-1.042000055313110352e+00,1.583333313465118408e-01
2.766666710376739502e-01,-9.776666760444641113e-01,2.033333331346511841e-01
2.630000114440917969e-01,-9.940000176429748535e-01,2.070000022649765015e-01
2.716666758060455322e-01,-9.823333621025085449e-01,1.953333318233489990e-01
2.619999945163726807e-01,-9.940000176429748535e-01,1.770000010728836060e-01
2.786666750907897949e-01,-9.829999804496765137e-01,1.759999990463256836e-01
2.639999985694885254e-01,-1.000000000000000000e+00,1.486666649580001831e-01
2.689999938011169434e-01,-9.980000257492065430e-01,1.476666629314422607e-01
2.700000107288360596e-01,-9.980000257492065430e-01,1.486666649580001831e-01
2.680000066757202148e-01,-9.950000047683715820e-01,1.430000066757202148e-01
2.680000066757202148e-01,-9.959999918937683105e-01,1.459999978542327881e-01
2.680000066757202148e-01,-9.959999918937683105e-01,1.430000066757202148e-01
2.689999938011169434e-01,-9.969999790191650391e-01,1.449999958276748657e-01
2.680000066757202148e-01,-9.909999966621398926e-01,1.389999985694885254e-01
2.630000114440917969e-01,-9.990000128746032715e-01,1.309999972581863403e-01
2.660000026226043701e-01,-9.940000176429748535e-01,1.439999938011169434e-01
2.630000114440917969e-01,-9.823333621025085449e-01,1.653333306312561035e-01
2.649999856948852539e-01,-9.843333363533020020e-01,1.406666636466979980e-01
2.669999897480010986e-01,-1.011000037193298340e+00,1.456666737794876099e-01
2.720000147819519043e-01,-9.903333187103271484e-01,1.480000019073486328e-01
2.639999985694885254e-01,-9.950000047683715820e-01,1.430000066757202148e-01
2.709999978542327881e-01,-9.990000128746032715e-01,1.449999958276748657e-01
2.689999938011169434e-01,-9.959999918937683105e-01,1.459999978542327881e-01
2.680000066757202148e-01,-9.969999790191650391e-01,1.369999945163726807e-01
2.649999856948852539e-01,-9.990000128746032715e-01,1.369999945163726807e-01
2.630000114440917969e-01,-9.990000128746032715e-01,1.299999952316284180e-01
2.610000073909759521e-01,-9.990000128746032715e-01,1.230000033974647522e-01
2.669999897480010986e-01,-9.990000128746032715e-01,1.113333329558372498e-01
2.619999945163726807e-01,-1.003000020980834961e+00,1.049999967217445374e-01
2.590000033378601074e-01,-1.003000020980834961e+00,1.019999980926513672e-01
2.619999945163726807e-01,-1.003000020980834961e+00,1.096666678786277771e-01
2.619999945163726807e-01,-1.004999995231628418e+00,1.040000021457672119e-01
2.579999864101409912e-01,-1.001999974250793457e+00,9.899999946355819702e-02
2.619999945163726807e-01,-1.006000041961669922e+00,1.049999967217445374e-01
2.630000114440917969e-01,-1.003000020980834961e+00,9.300000220537185669e-02
2.599999904632568359e-01,-9.969999790191650391e-01,8.799999952316284180e-02
2.579999864101409912e-01,-1.008000016212463379e+00,9.700000286102294922e-02
2.649999856948852539e-01,-1.004999995231628418e+00,9.000000357627868652e-02
2.599999904632568359e-01,-1.001000046730041504e+00,8.600000292062759399e-02
2.630000114440917969e-01,-1.008999943733215332e+00,7.999999821186065674e-02
2.579999864101409912e-01,-1.003000020980834961e+00,8.200000226497650146e-02
2.619999945163726807e-01,-1.003999948501586914e+00,7.900000363588333130e-02
2.680000066757202148e-01,-1.003999948501586914e+00,8.100000023841857910e-02
2.630000114440917969e-01,-1.003999948501586914e+00,7.133333384990692139e-02
2.669999897480010986e-01,-1.008000016212463379e+00,7.133333384990692139e-02
2.689999938011169434e-01,-1.006999969482421875e+00,7.999999821186065674e-02
2.649999856948852539e-01,-1.004999995231628418e+00,7.699999958276748657e-02
2.579999864101409912e-01,-1.004999995231628418e+00,7.599999755620956421e-02
2.660000026226043701e-01,-1.006999969482421875e+00,7.699999958276748657e-02
2.649999856948852539e-01,-1.004999995231628418e+00,7.500000298023223877e-02
2.639999985694885254e-01,-1.004999995231628418e+00,7.900000363588333130e-02
2.680000066757202148e-01,-1.009999990463256836e+00,7.699999958276748657e-02
2.630000114440917969e-01,-1.003999948501586914e+00,7.299999892711639404e-02
2.680000066757202148e-01,-1.004999995231628418e+00,7.699999958276748657e-02
2.599999904632568359e-01,-1.001999974250793457e+00,7.400000095367431641e-02
2.660000026226043701e-01,-1.004999995231628418e+00,7.699999958276748657e-02
2.630000114440917969e-01,-1.006999969482421875e+00,7.900000363588333130e-02
2.610000073909759521e-01,-1.003000020980834961e+00,7.599999755620956421e-02
2.649999856948852539e-01,-1.009999990463256836e+00,7.599999755620956421e-02
2.669999897480010986e-01,-1.003000020980834961e+00,7.699999958276748657e-02
2.660000026226043701e-01,-1.001000046730041504e+00,7.400000095367431641e-02
2.660000026226043701e-01,-1.006999969482421875e+00,7.400000095367431641e-02
2.669999897480010986e-01,-1.011000037193298340e+00,7.199999690055847168e-02
2.649999856948852539e-01,-1.003999948501586914e+00,7.100000232458114624e-02
2.639999985694885254e-01,-1.006999969482421875e+00,7.299999892711639404e-02
2.649999856948852539e-01,-1.003000020980834961e+00,7.000000029802322388e-02
2.669999897480010986e-01,-1.006999969482421875e+00,7.000000029802322388e-02
2.680000066757202148e-01,-1.006999969482421875e+00,7.100000232458114624e-02
2.660000026226043701e-01,-1.001999974250793457e+00,7.199999690055847168e-02
2.649999856948852539e-01,-1.008000016212463379e+00,7.000000029802322388e-02
2.680000066757202148e-01,-1.006000041961669922e+00,7.000000029802322388e-02
2.630000114440917969e-01,-1.003999948501586914e+00,7.100000232458114624e-02
2.660000026226043701e-01,-1.003999948501586914e+00,7.400000095367431641e-02
2.669999897480010986e-01,-1.008000016212463379e+00,7.400000095367431641e-02
2.660000026226043701e-01,-1.006000041961669922e+00,7.100000232458114624e-02
2.689999938011169434e-01,-1.003000020980834961e+00,7.199999690055847168e-02
2.649999856948852539e-01,-1.003999948501586914e+00,7.299999892711639404e-02
2.669999897480010986e-01,-1.004999995231628418e+00,7.400000095367431641e-02
2.639999985694885254e-01,-1.004999995231628418e+00,7.299999892711639404e-02
2.680000066757202148e-01,-1.003000020980834961e+00,6.899999827146530151e-02
2.689999938011169434e-01,-1.004999995231628418e+00,7.199999690055847168e-02
2.700000107288360596e-01,-1.001000046730041504e+00,6.899999827146530151e-02
2.680000066757202148e-01,-1.004999995231628418e+00,7.000000029802322388e-02
2.669999897480010986e-01,-1.006999969482421875e+00,7.100000232458114624e-02
2.680000066757202148e-01,-1.004999995231628418e+00,7.000000029802322388e-02
2.610000073909759521e-01,-1.008999943733215332e+00,7.100000232458114624e-02
2.680000066757202148e-01,-1.006000041961669922e+00,6.733333319425582886e-02
2.630000114440917969e-01,-1.009999990463256836e+00,7.299999892711639404e-02
2.669999897480010986e-01,-1.003999948501586914e+00,7.299999892711639404e-02
2.649999856948852539e-01,-1.006999969482421875e+00,6.633333116769790649e-02
2.639999985694885254e-01,-1.018666625022888184e+00,6.433333456516265869e-02
2.680000066757202148e-01,-1.016333341598510742e+00,5.966666713356971741e-02
2.619999945163726807e-01,-1.006000041961669922e+00,7.299999892711639404e-02
2.649999856948852539e-01,-1.006999969482421875e+00,7.500000298023223877e-02
2.630000114440917969e-01,-1.006000041961669922e+00,7.400000095367431641e-02
2.680000066757202148e-01,-1.003999948501586914e+00,6.733333319425582886e-02
2.619999945163726807e-01,-1.004999995231628418e+00,7.199999690055847168e-02
2.660000026226043701e-01,-1.003000020980834961e+00,7.500000298023223877e-02
2.630000114440917969e-01,-1.006999969482421875e+00,7.133333384990692139e-02
2.630000114440917969e-01,-1.004999995231628418e+00,6.933332979679107666e-02
2.680000066757202148e-01,-9.923333525657653809e-01,7.633333653211593628e-02
2.599999904632568359e-01,-1.008999943733215332e+00,7.000000029802322388e-02
2.669999897480010986e-01,-1.003999948501586914e+00,7.100000232458114624e-02
2.610000073909759521e-01,-1.008000016212463379e+00,6.366666406393051147e-02
2.669999897480010986e-01,-1.001999974250793457e+00,7.000000029802322388e-02
2.649999856948852539e-01,-1.006999969482421875e+00,7.000000029802322388e-02
2.639999985694885254e-01,-1.003000020980834961e+00,6.733333319425582886e-02
2.669999897480010986e-01,-1.008999943733215332e+00,6.700000166893005371e-02
2.649999856948852539e-01,-1.003000020980834961e+00,6.466666609048843384e-02
2.630000114440917969e-01,-1.003000020980834961e+00,6.800000369548797607e-02
2.630000114440917969e-01,-1.004999995231628418e+00,6.899999827146530151e-02
2.619999945163726807e-01,-1.004999995231628418e+00,6.800000369548797607e-02
2.669999897480010986e-01,-1.006999969482421875e+00,6.800000369548797607e-02
2.660000026226043701e-01,-1.006000041961669922e+00,6.533333659172058105e-02
2.689999938011169434e-01,-1.000000000000000000e+00,6.633333116769790649e-02
2.700000107288360596e-01,-1.006000041961669922e+00,6.800000369548797607e-02
2.689999938011169434e-01,-1.003999948501586914e+00,6.333333253860473633e-02
2.680000066757202148e-01,-1.003000020980834961e+00,6.366666406393051147e-02
2.689999938011169434e-01,-1.004999995231628418e+00,6.899999827146530151e-02
2.680000066757202148e-01,-1.004999995231628418e+00,6.899999827146530151e-02
2.660000026226043701e-01,-1.006000041961669922e+00,7.000000029802322388e-02
2.709999978542327881e-01,-1.001999974250793457e+00,7.000000029802322388e-02
2.833333313465118408e-01,-9.909999966621398926e-01,6.899999827146530151e-02
2.893333435058593750e-01,-1.003999948501586914e+00,6.733333319425582886e-02
2.960000038146972656e-01,-1.008000016212463379e+00,7.100000232458114624e-02
2.939999997615814209e-01,-9.969999790191650391e-01,6.933332979679107666e-02
2.863333225250244141e-01,-9.959999918937683105e-01,6.633333116769790649e-02
2.899999916553497314e-01,-1.003000020980834961e+00,6.633333116769790649e-02
2.890000045299530029e-01,-9.969999790191650391e-01,7.000000029802322388e-02
2.863333225250244141e-01,-9.969999790191650391e-01,6.899999827146530151e-02
2.930000126361846924e-01,-9.990000128746032715e-01,6.199999898672103882e-02
2.949999868869781494e-01,-9.990000128746032715e-01,6.800000369548797607e-02
2.919999957084655762e-01,-9.959999918937683105e-01,6.633333116769790649e-02
2.949999868869781494e-01,-9.990000128746032715e-01,6.633333116769790649e-02
2.890000045299530029e-01,-1.003000020980834961e+00,6.633333116769790649e-02
2.919999957084655762e-01,-9.929999709129333496e-01,6.433333456516265869e-02
2.890000045299530029e-01,-9.990000128746032715e-01,6.899999827146530151e-02
3.000000119209289551e-01,-9.969999790191650391e-01,6.533333659172058105e-02
3.070000112056732178e-01,-9.909999966621398926e-01,5.966666713356971741e-02
3.409999907016754150e-01,-9.850000143051147461e-01,5.400000140070915222e-02
3.656666576862335205e-01,-9.803333282470703125e-01,4.300000146031379700e-02
3.880000114440917969e-01,-9.769999980926513672e-01,3.799999877810478210e-02
4.000000059604644775e-01,-9.823333621025085449e-01,2.333333343267440796e-02
4.070000052452087402e-01,-9.750000238418579102e-01,1.799999922513961792e-02
4.070000052452087402e-01,-9.679999947547912598e-01,1.600000075995922089e-02
4.379999935626983643e-01,-9.599999785423278809e-01,1.300000026822090149e-02
4.536666572093963623e-01,-9.660000205039978027e-01,2.000000094994902611e-03
4.650000035762786865e-01,-9.599999785423278809e-01,-2.000000094994902611e-03
4.799999892711639404e-01,-9.559999704360961914e-01,-7.000000216066837311e-03
4.740000069141387939e-01,-9.530000090599060059e-01,-4.999999888241291046e-03
4.659999907016754150e-01,-9.459999799728393555e-01,1.000000047497451305e-03
4.659999907016754150e-01,-9.570000171661376953e-01,8.999999612569808960e-03
4.530000090599060059e-01,-9.570000171661376953e-01,0.000000000000000000e+00
4.620000123977661133e-01,-9.649999737739562988e-01,-7.000000216066837311e-03
4.556666612625122070e-01,-9.539999961853027344e-01,-7.000000216066837311e-03
4.769999980926513672e-01,-9.480000138282775879e-01,-1.200000010430812836e-02
4.896666705608367920e-01,-9.490000009536743164e-01,-1.966666616499423981e-02
5.013333559036254883e-01,-9.499999880790710449e-01,-9.999999776482582092e-03
4.860000014305114746e-01,-9.423333406448364258e-01,-1.200000010430812836e-02
4.769999980926513672e-01,-9.499999880790710449e-01,-8.000000379979610443e-03
4.860000014305114746e-01,-9.570000171661376953e-01,-4.000000189989805222e-03
4.643333256244659424e-01,-9.480000138282775879e-01,-1.366666704416275024e-02
4.760000109672546387e-01,-9.559999704360961914e-01,-7.000000216066837311e-03
4.539999961853027344e-01,-9.499999880790710449e-01,-2.899999916553497314e-02
4.639999866485595703e-01,-9.453333616256713867e-01,-1.200000010430812836e-02
4.566666781902313232e-01,-9.639999866485595703e-01,8.666666224598884583e-03
4.496666789054870605e-01,-9.599999785423278809e-01,1.566666737198829651e-02
4.133333265781402588e-01,-9.716666936874389648e-01,1.366666704416275024e-02
3.736666738986968994e-01,-9.700000286102294922e-01,1.866666600108146667e-02
3.966666758060455322e-01,-9.610000252723693848e-01,1.499999966472387314e-02
3.910000026226043701e-01,-9.953333139419555664e-01,3.299999982118606567e-02
4.320000112056732178e-01,-9.216666817665100098e-01,4.666666686534881592e-02
4.320000112056732178e-01,-9.726666808128356934e-01,1.200000010430812836e-02
4.223333299160003662e-01,-9.843333363533020020e-01,1.200000010430812836e-02
4.233333468437194824e-01,-9.923333525657653809e-01,3.599999845027923584e-02
4.329999983310699463e-01,-9.316666722297668457e-01,5.666666850447654724e-02
4.300000071525573730e-01,-9.063333272933959961e-01,2.233333326876163483e-02
4.376666545867919922e-01,-9.950000047683715820e-01,1.600000075995922089e-02
4.446666538715362549e-01,-9.736666679382324219e-01,4.500000178813934326e-02
4.379999935626983643e-01,-9.660000205039978027e-01,6.733333319425582886e-02
4.396666586399078369e-01,-9.120000004768371582e-01,6.166666746139526367e-02
4.556666612625122070e-01,-9.413333535194396973e-01,6.333333253860473633e-02
4.449999928474426270e-01,-9.933333396911621094e-01,4.199999943375587463e-02
4.379999935626983643e-01,-9.783333539962768555e-01,3.599999845027923584e-02
4.173333346843719482e-01,-9.229999780654907227e-01,9.999999776482582092e-03
4.339999854564666748e-01,-9.753333330154418945e-01,3.900000080466270447e-02
4.410000145435333252e-01,-9.793333411216735840e-01,4.600000008940696716e-02
4.440000057220458984e-01,-9.100000262260437012e-01,2.600000053644180298e-02
4.720000028610229492e-01,-9.636666774749755859e-01,5.200000107288360596e-02
4.586666524410247803e-01,-9.756666421890258789e-01,4.899999871850013733e-02
4.566666781902313232e-01,-9.179999828338623047e-01,3.500000014901161194e-02
4.729999899864196777e-01,-9.660000205039978027e-01,4.100000113248825073e-02
4.679999947547912598e-01,-9.539999961853027344e-01,4.699999839067459106e-02
4.799999892711639404e-01,-9.530000090599060059e-01,5.866666510701179504e-02
4.536666572093963623e-01,-9.539999961853027344e-01,2.166666649281978607e-02
4.729999899864196777e-01,-9.610000252723693848e-01,5.200000107288360596e-02
4.516666531562805176e-01,-9.679999947547912598e-01,6.566666811704635620e-02
4.556666612625122070e-01,-9.480000138282775879e-01,4.399999976158142090e-02
4.623333215713500977e-01,-9.509999752044677734e-01,3.500000014901161194e-02
4.486666619777679443e-01,-9.179999828338623047e-01,5.866666510701179504e-02
4.603333473205566406e-01,-9.559999704360961914e-01,9.600000083446502686e-02
4.359999895095825195e-01,-9.756666421890258789e-01,7.900000363588333130e-02
4.449999928474426270e-01,-9.166666865348815918e-01,7.033333182334899902e-02
4.860000014305114746e-01,-9.150000214576721191e-01,9.700000286102294922e-02
4.876666665077209473e-01,-9.909999966621398926e-01,1.133333370089530945e-01
4.359999895095825195e-01,-9.060000181198120117e-01,1.040000021457672119e-01
4.429999887943267822e-01,-9.169999957084655762e-01,1.319999992847442627e-01
4.293333292007446289e-01,-9.746666550636291504e-01,1.476666629314422607e-01
4.133333265781402588e-01,-9.333333373069763184e-01,1.173333302140235901e-01
4.830000102519989014e-01,-9.470000267028808594e-01,1.190000027418136597e-01
4.269999861717224121e-01,-9.336666464805603027e-01,1.093333363533020020e-01
4.526666700839996338e-01,-9.509999752044677734e-01,1.006666645407676697e-01
4.236666560173034668e-01,-9.403333067893981934e-01,9.966666996479034424e-02
4.379999935626983643e-01,-9.373333454132080078e-01,1.123333349823951721e-01
4.309999942779541016e-01,-9.353333115577697754e-01,1.143333315849304199e-01
4.339999854564666748e-01,-9.483333230018615723e-01,1.476666629314422607e-01
4.379999935626983643e-01,-9.423333406448364258e-01,1.230000033974647522e-01
4.259999990463256836e-01,-9.490000009536743164e-01,1.209999993443489075e-01
4.386666715145111084e-01,-9.319999814033508301e-01,1.223333328962326050e-01
4.126666784286499023e-01,-9.713333249092102051e-01,1.163333356380462646e-01
4.496666789054870605e-01,-9.300000071525573730e-01,1.609999984502792358e-01
4.263333380222320557e-01,-9.493333101272583008e-01,1.356666684150695801e-01
4.483333230018615723e-01,-9.503333568572998047e-01,1.800000071525573730e-01
4.096666574478149414e-01,-9.296666383743286133e-01,1.123333349823951721e-01
4.623333215713500977e-01,-9.743333458900451660e-01,1.299999952316284180e-01
4.086666703224182129e-01,-9.610000252723693848e-01,1.049999967217445374e-01
4.250000119209289551e-01,-9.216666817665100098e-01,1.220000013709068298e-01
4.183333218097686768e-01,-9.696666598320007324e-01,1.073333323001861572e-01
3.919999897480010986e-01,-9.929999709129333496e-01,1.123333349823951721e-01
4.113333225250244141e-01,-9.570000171661376953e-01,1.319999992847442627e-01
4.040000140666961670e-01,-1.001999974250793457e+00,1.046666651964187622e-01
4.066666662693023682e-01,-9.316666722297668457e-01,9.266666322946548462e-02
4.053333401679992676e-01,-9.656666517257690430e-01,8.399999886751174927e-02
3.429999947547912598e-01,-9.413333535194396973e-01,5.499999970197677612e-02
3.970000147819519043e-01,-9.863333106040954590e-01,5.299999937415122986e-02
3.873333334922790527e-01,-9.919999837875366211e-01,6.933332979679107666e-02
3.823333382606506348e-01,-9.786666631698608398e-01,7.800000160932540894e-02
3.606666624546051025e-01,-1.001999974250793457e+00,1.016666665673255920e-01
2.873333394527435303e-01,-9.746666550636291504e-01,9.966666996479034424e-02
3.566666543483734131e-01,-9.900000095367431641e-01,9.200000017881393433e-02
3.536666631698608398e-01,-9.716666936874389648e-01,1.143333315849304199e-01
3.266666531562805176e-01,-9.706666469573974609e-01,1.066666692495346069e-01
3.313333392143249512e-01,-9.746666550636291504e-01,1.213333308696746826e-01
3.039999902248382568e-01,-9.736666679382324219e-01,1.456666737794876099e-01
3.109999895095825195e-01,-9.969999790191650391e-01,1.693333387374877930e-01
2.893333435058593750e-01,-9.403333067893981934e-01,1.330000013113021851e-01
3.179999887943267822e-01,-9.539999961853027344e-01,1.400000005960464478e-01
2.919999957084655762e-01,-9.409999847412109375e-01,1.539999991655349731e-01
3.306666612625122070e-01,-9.803333282470703125e-01,1.700000017881393433e-01
3.089999854564666748e-01,-9.890000224113464355e-01,1.640000045299530029e-01
3.333333432674407959e-01,-9.129999876022338867e-01,1.350000053644180298e-01
2.919999957084655762e-01,-9.530000090599060059e-01,1.513333320617675781e-01
2.606666684150695801e-01,-9.326666593551635742e-01,1.729999929666519165e-01
3.560000061988830566e-01,-1.190333366394042969e+00,2.579999864101409912e-01
3.519999980926513672e-01,-1.095999956130981445e+00,2.353333383798599243e-01
3.039999902248382568e-01,-9.296666383743286133e-01,1.713333278894424438e-01
2.669999897480010986e-01,-9.129999876022338867e-01,1.640000045299530029e-01
3.140000104904174805e-01,-9.513333439826965332e-01,1.953333318233489990e-01
3.246666789054870605e-01,-9.963333606719970703e-01,1.870000064373016357e-01
3.129999935626983643e-01,-9.689999818801879883e-01,1.876666694879531860e-01
3.089999854564666748e-01,-9.766666889190673828e-01,1.906666606664657593e-01
3.240000009536743164e-01,-9.933333396911621094e-01,2.033333331346511841e-01
3.100000023841857910e-01,-9.649999737739562988e-01,1.829999983310699463e-01
3.059999942779541016e-01,-9.336666464805603027e-01,1.816666722297668457e-01
2.939999997615814209e-01,-9.539999961853027344e-01,1.979999989271163940e-01
3.116666674613952637e-01,-9.933333396911621094e-01,1.966666728258132935e-01
3.120000064373016357e-01,-9.760000109672546387e-01,2.129999995231628418e-01
2.886666655540466309e-01,-9.716666936874389648e-01,2.033333331346511841e-01
3.129999935626983643e-01,-9.943333268165588379e-01,2.080000042915344238e-01
2.930000126361846924e-01,-9.626666903495788574e-01,1.973333358764648438e-01
3.043333292007446289e-01,-9.539999961853027344e-01,1.913333386182785034e-01
2.796666622161865234e-01,-9.746666550636291504e-01,1.926666647195816040e-01
3.030000030994415283e-01,-9.676666855812072754e-01,1.819999963045120239e-01
2.899999916553497314e-01,-9.459999799728393555e-01,1.796666681766510010e-01
3.210000097751617432e-01,-9.903333187103271484e-01,2.150000035762786865e-01
3.179999887943267822e-01,-9.883333444595336914e-01,2.179999947547912598e-01
3.089999854564666748e-01,-9.716666936874389648e-01,2.056666612625122070e-01
3.050000071525573730e-01,-9.773333072662353516e-01,1.956666707992553711e-01
3.039999902248382568e-01,-9.786666631698608398e-01,2.060000002384185791e-01
3.213333189487457275e-01,-9.710000157356262207e-01,1.973333358764648438e-01
3.079999983310699463e-01,-9.873333573341369629e-01,2.049999982118606567e-01
2.816666662693023682e-01,-9.459999799728393555e-01,2.043333351612091064e-01
3.059999942779541016e-01,-9.423333406448364258e-01,2.129999995231628418e-01
2.973333299160003662e-01,-9.483333230018615723e-01,2.210000008344650269e-01
2.903333306312561035e-01,-9.626666903495788574e-01,2.119999974966049194e-01
3.019999861717224121e-01,-1.012666702270507812e+00,2.433333396911621094e-01
3.313333392143249512e-01,-1.003000020980834961e+00,2.363333404064178467e-01
3.179999887943267822e-01,-9.796666502952575684e-01,2.313333302736282349e-01
2.873333394527435303e-01,-9.139999747276306152e-01,2.173333317041397095e-01
3.050000071525573730e-01,-9.796666502952575684e-01,2.346666604280471802e-01
3.009999990463256836e-01,-9.913333058357238770e-01,2.336666733026504517e-01
3.146666586399078369e-01,-1.039999961853027344e+00,2.290000021457672119e-01
3.166666626930236816e-01,-1.053666710853576660e+00,2.256666719913482666e-01
3.086666762828826904e-01,-1.012666702270507812e+00,2.169999927282333374e-01
2.879999876022338867e-01,-8.659999966621398926e-01,1.986666619777679443e-01
2.686666548252105713e-01,-8.426666855812072754e-01,1.956666707992553711e-01
2.806666791439056396e-01,-8.619999885559082031e-01,2.266666740179061890e-01
2.903333306312561035e-01,-9.373333454132080078e-01,2.343333363533020020e-01
3.050000071525573730e-01,-9.676666855812072754e-01,2.326666712760925293e-01
3.039999902248382568e-01,-9.346666932106018066e-01,1.973333358764648438e-01
2.696666717529296875e-01,-9.006666541099548340e-01,2.049999982118606567e-01
2.949999868869781494e-01,-9.833333492279052734e-01,2.283333390951156616e-01
3.146666586399078369e-01,-1.045666694641113281e+00,2.443333268165588379e-01
3.039999902248382568e-01,-1.017666697502136230e+00,1.943333297967910767e-01
2.883333265781402588e-01,-9.599999785423278809e-01,1.829999983310699463e-01
2.730000019073486328e-01,-9.589999914169311523e-01,1.613333374261856079e-01
2.649999856948852539e-01,-9.393333196640014648e-01,1.573333293199539185e-01
2.700000107288360596e-01,-9.803333282470703125e-01,1.630000025033950806e-01
2.686666548252105713e-01,-9.670000076293945312e-01,1.766666620969772339e-01
2.746666669845581055e-01,-1.014666676521301270e+00,1.896666735410690308e-01
2.843333184719085693e-01,-1.006000041961669922e+00,2.060000002384185791e-01
2.726666629314422607e-01,-1.003999948501586914e+00,1.816666722297668457e-01
2.766666710376739502e-01,-9.686666727066040039e-01,1.753333359956741333e-01
2.649999856948852539e-01,-1.001000046730041504e+00,1.866666674613952637e-01
2.893333435058593750e-01,-1.019666671752929688e+00,2.099999934434890747e-01
2.766666710376739502e-01,-1.018666625022888184e+00,1.809999942779541016e-01
2.766666710376739502e-01,-1.003999948501586914e+00,1.550000011920928955e-01
2.336666733026504517e-01,-1.003999948501586914e+00,1.250000000000000000e-01
2.406666725873947144e-01,-1.056666612625122070e+00,1.096666678786277771e-01
2.816666662693023682e-01,-1.001999974250793457e+00,6.266666948795318604e-02
2.176666706800460815e-01,-9.363333582878112793e-01,6.666666595265269279e-04
2.199999988079071045e-01,-9.493333101272583008e-01,-4.699999839067459106e-02
2.080000042915344238e-01,-1.032999992370605469e+00,-5.400000140070915222e-02
2.276666611433029175e-01,-1.041000008583068848e+00,-2.633333392441272736e-02
2.423333376646041870e-01,-1.057000041007995605e+00,2.933333255350589752e-02
2.386666685342788696e-01,-1.050666689872741699e+00,3.633333370089530945e-02
2.113333344459533691e-01,-1.047999978065490723e+00,-6.666666595265269279e-04
2.029999941587448120e-01,-1.003999948501586914e+00,-4.999999888241291046e-03
2.090000063180923462e-01,-1.000000000000000000e+00,1.133333332836627960e-02
2.033333331346511841e-01,-9.843333363533020020e-01,1.666666753590106964e-02
2.269999980926513672e-01,-9.933333396911621094e-01,4.300000146031379700e-02
2.189999967813491821e-01,-1.031999945640563965e+00,8.033332973718643188e-02
2.280000001192092896e-01,-1.064333319664001465e+00,3.700000047683715820e-02
2.053333371877670288e-01,-1.004999995231628418e+00,1.833333261311054230e-02
2.033333331346511841e-01,-1.015666723251342773e+00,-1.000000047497451305e-03
2.230000048875808716e-01,-1.005666613578796387e+00,5.666666664183139801e-03
2.003333270549774170e-01,-9.860000014305114746e-01,4.999999888241291046e-03
1.993333399295806885e-01,-1.008666634559631348e+00,-2.066666632890701294e-02
2.020000070333480835e-01,-1.018666625022888184e+00,-1.466666627675294876e-02
2.080000042915344238e-01,-1.042999982833862305e+00,-4.999999888241291046e-03
2.099999934434890747e-01,-1.034333348274230957e+00,-1.366666704416275024e-02
2.119999974966049194e-01,-1.019666671752929688e+00,-3.200000151991844177e-02
1.770000010728836060e-01,-9.980000257492065430e-01,-1.933333277702331543e-02
2.179999947547912598e-01,-1.042000055313110352e+00,-1.666666753590106964e-02
1.936666667461395264e-01,-1.021666646003723145e+00,-5.200000107288360596e-02
2.033333331346511841e-01,-1.067666649818420410e+00,-5.400000140070915222e-02
2.160000056028366089e-01,-9.909999966621398926e-01,-5.900000035762786865e-02
2.220000028610229492e-01,-9.273333549499511719e-01,-3.733333200216293335e-02
2.249999940395355225e-01,-1.025333285331726074e+00,-3.799999877810478210e-02
2.540000081062316895e-01,-1.066333293914794922e+00,-4.133333265781402588e-02
2.423333376646041870e-01,-1.021333336830139160e+00,-6.266666948795318604e-02
2.189999967813491821e-01,-1.018666625022888184e+00,-6.533333659172058105e-02
2.249999940395355225e-01,-1.068333387374877930e+00,-8.500000089406967163e-02
2.286666631698608398e-01,-1.034000039100646973e+00,-8.600000292062759399e-02
2.366666644811630249e-01,-1.060333371162414551e+00,-5.866666510701179504e-02
2.413333356380462646e-01,-1.074333310127258301e+00,-7.533333450555801392e-02
2.210000008344650269e-01,-1.031999945640563965e+00,-1.173333302140235901e-01
2.099999934434890747e-01,-9.980000257492065430e-01,-1.396666616201400757e-01
2.199999988079071045e-01,-1.044000029563903809e+00,-1.169999986886978149e-01
2.433333396911621094e-01,-1.053666710853576660e+00,-1.056666672229766846e-01
2.393333315849304199e-01,-1.049666643142700195e+00,-8.399999886751174927e-02
2.386666685342788696e-01,-1.039000034332275391e+00,-9.766666591167449951e-02
2.240000069141387939e-01,-1.047999978065490723e+00,-1.103333309292793274e-01
2.423333376646041870e-01,-1.062666654586791992e+00,-9.099999815225601196e-02
2.450000047683715820e-01,-1.034333348274230957e+00,-8.100000023841857910e-02
2.406666725873947144e-01,-1.044999957084655762e+00,-7.400000095367431641e-02
2.453333288431167603e-01,-1.016666650772094727e+00,-8.666666597127914429e-02
2.099999934434890747e-01,-9.629999995231628418e-01,-1.056666672229766846e-01
2.169999927282333374e-01,-1.029333353042602539e+00,-1.043333336710929871e-01
2.549999952316284180e-01,-1.109333276748657227e+00,-5.499999970197677612e-02
2.669999897480010986e-01,-1.076333284378051758e+00,-4.966666549444198608e-02
2.433333396911621094e-01,-1.024333357810974121e+00,-6.233333423733711243e-02
2.326666712760925293e-01,-1.004999995231628418e+00,-5.400000140070915222e-02
2.356666624546051025e-01,-1.023333311080932617e+00,-3.799999877810478210e-02
2.639999985694885254e-01,-1.060666680335998535e+00,-2.999999932944774628e-02
2.706666588783264160e-01,-1.021666646003723145e+00,9.999999776482582092e-03
2.596666812896728516e-01,-1.041000008583068848e+00,8.000000379979610443e-03
2.700000107288360596e-01,-1.054999947547912598e+00,-2.433333359658718109e-02
2.396666705608367920e-01,-1.036999940872192383e+00,-3.200000151991844177e-02
2.639999985694885254e-01,-1.020333290100097656e+00,-3.200000151991844177e-02
2.529999911785125732e-01,-9.706666469573974609e-01,3.000000026077032089e-03
2.590000033378601074e-01,-9.933333396911621094e-01,9.666666388511657715e-03
2.569999992847442627e-01,-1.036999940872192383e+00,-2.166666649281978607e-02
2.509999871253967285e-01,-1.075333356857299805e+00,-5.833333358168601990e-02
2.549999952316284180e-01,-1.058666706085205078e+00,-5.566666647791862488e-02
2.700000107288360596e-01,-1.066333293914794922e+00,-1.000000047497451305e-03
2.746666669845581055e-01,-1.001999974250793457e+00,2.366666682064533234e-02
2.553333342075347900e-01,-9.806666374206542969e-01,-4.666666500270366669e-03
2.363333404064178467e-01,-1.013666629791259766e+00,-6.833333522081375122e-02
2.306666672229766846e-01,-1.068333387374877930e+00,-7.999999821186065674e-02
2.619999945163726807e-01,-1.116333365440368652e+00,-4.766666516661643982e-02
2.840000092983245850e-01,-1.131000041961669922e+00,7.000000216066837311e-03
3.009999990463256836e-01,-1.083333373069763184e+00,5.466666817665100098e-02
2.720000147819519043e-01,-1.041000008583068848e+00,1.866666600108146667e-02
2.493333369493484497e-01,-1.005666613578796387e+00,-1.766666583716869354e-02
2.423333376646041870e-01,-1.052999973297119141e+00,-4.133333265781402588e-02
2.590000033378601074e-01,-1.031999945640563965e+00,-2.899999916553497314e-02
2.413333356380462646e-01,-1.001999974250793457e+00,-7.233333587646484375e-02
2.189999967813491821e-01,-9.943333268165588379e-01,-1.093333363533020020e-01
2.166666686534881592e-01,-1.059666633605957031e+00,-7.999999821186065674e-02
3.223333358764648438e-01,-1.152333378791809082e+00,4.000000189989805222e-03
2.336666733026504517e-01,-1.004666686058044434e+00,-4.066666588187217712e-02
2.169999927282333374e-01,-9.713333249092102051e-01,-6.066666543483734131e-02
2.529999911785125732e-01,-9.909999966621398926e-01,-5.266666784882545471e-02
2.406666725873947144e-01,-1.039999961853027344e+00,-1.099999994039535522e-02
2.293333262205123901e-01,-1.047000050544738770e+00,-2.999999932944774628e-02
1.759999990463256836e-01,-1.029666662216186523e+00,-2.433333359658718109e-02
2.336666733026504517e-01,-1.193666696548461914e+00,2.566666714847087860e-02
2.306666672229766846e-01,-1.125000000000000000e+00,3.133333474397659302e-02
1.860000044107437134e-01,-1.006999969482421875e+00,3.133333474397659302e-02
1.879999935626983643e-01,-9.583333134651184082e-01,3.400000184774398804e-02
1.870000064373016357e-01,-1.006666660308837891e+00,3.533333167433738708e-02
1.819999963045120239e-01,-1.066333293914794922e+00,6.000000052154064178e-03
1.850000023841857910e-01,-1.081333279609680176e+00,-7.000000216066837311e-03
1.856666654348373413e-01,-1.044000029563903809e+00,1.066666655242443085e-02
1.729999929666519165e-01,-1.013333320617675781e+00,2.933333255350589752e-02
1.840000003576278687e-01,-1.051666617393493652e+00,3.400000184774398804e-02
1.829999983310699463e-01,-1.049666643142700195e+00,3.700000047683715820e-02
1.800000071525573730e-01,-1.051666617393493652e+00,2.999999932944774628e-02
1.829999983310699463e-01,-1.051666617393493652e+00,2.633333392441272736e-02
1.896666735410690308e-01,-1.045666694641113281e+00,4.199999943375587463e-02
2.033333331346511841e-01,-1.096666693687438965e+00,8.900000154972076416e-02
2.109999954700469971e-01,-1.027333378791809082e+00,9.300000220537185669e-02
2.006666660308837891e-01,-9.559999704360961914e-01,6.833333522081375122e-02
1.983333379030227661e-01,-9.720000028610229492e-01,7.833333313465118408e-02
2.296666651964187622e-01,-1.068666696548461914e+00,8.299999684095382690e-02
2.833333313465118408e-01,-1.075000047683715820e+00,4.899999871850013733e-02
2.660000026226043701e-01,-1.014666676521301270e+00,-1.166666671633720398e-02
2.433333396911621094e-01,-9.296666383743286133e-01,-3.099999949336051941e-02
2.443333268165588379e-01,-9.356666803359985352e-01,-1.400000043213367462e-02
3.013333380222320557e-01,-1.036000013351440430e+00,3.099999949336051941e-02
2.689999938011169434e-01,-1.008666634559631348e+00,-2.891205879459325632e-19
2.413333356380462646e-01,-9.919999837875366211e-01,2.433333359658718109e-02
2.469999939203262329e-01,-1.014666676521301270e+00,1.300000026822090149e-02
2.493333369493484497e-01,-1.003000020980834961e+00,1.466666627675294876e-02
2.450000047683715820e-01,-9.963333606719970703e-01,8.000000379979610443e-03
2.509999871253967285e-01,-1.010666608810424805e+00,2.333333343267440796e-02
2.660000026226043701e-01,-9.969999790191650391e-01,3.099999949336051941e-02
2.533333301544189453e-01,-1.019666671752929688e+00,5.366666615009307861e-02
2.750000059604644775e-01,-1.027666687965393066e+00,6.533333659172058105e-02
2.396666705608367920e-01,-1.063333392143249512e+00,3.900000080466270447e-02
2.443333268165588379e-01,-1.023333311080932617e+00,6.666666828095912933e-03
2.296666651964187622e-01,-9.343333244323730469e-01,2.933333255350589752e-02
2.489999979734420776e-01,-9.480000138282775879e-01,7.233333587646484375e-02
2.419999986886978149e-01,-1.021333336830139160e+00,8.299999684095382690e-02
2.406666725873947144e-01,-1.044666647911071777e+00,5.866666510701179504e-02
2.540000081062316895e-01,-1.024666666984558105e+00,7.133333384990692139e-02
2.240000069141387939e-01,-1.000000000000000000e+00,6.533333659172058105e-02
2.210000008344650269e-01,-1.017666697502136230e+00,6.633333116769790649e-02
2.090000063180923462e-01,-1.044000029563903809e+00,6.466666609048843384e-02
2.099999934434890747e-01,-1.061666607856750488e+00,5.866666510701179504e-02
2.013333290815353394e-01,-1.024333357810974121e+00,5.866666510701179504e-02
2.056666612625122070e-01,-9.796666502952575684e-01,8.399999886751174927e-02
1.720000058412551880e-01,-9.580000042915344238e-01,9.200000017881393433e-02
1.790000051259994507e-01,-9.646666646003723145e-01,9.166666865348815918e-02
1.749999970197677612e-01,-9.953333139419555664e-01,9.300000220537185669e-02
2.049999982118606567e-01,-1.074000000953674316e+00,9.200000017881393433e-02
2.003333270549774170e-01,-1.088000059127807617e+00,9.099999815225601196e-02
1.983333379030227661e-01,-1.066333293914794922e+00,8.399999886751174927e-02
1.896666735410690308e-01,-1.042000055313110352e+00,8.600000292062759399e-02
1.963333338499069214e-01,-1.034000039100646973e+00,9.666666388511657715e-02
1.836666613817214966e-01,-1.010666608810424805e+00,1.016666665673255920e-01
1.756666600704193115e-01,-1.001999974250793457e+00,7.800000160932540894e-02
1.809999942779541016e-01,-9.706666469573974609e-01,7.199999690055847168e-02
1.593333333730697632e-01,-1.004666686058044434e+00,9.966666996479034424e-02
1.896666735410690308e-01,-1.064333319664001465e+00,9.600000083446502686e-02
1.710000038146972656e-01,-1.067666649818420410e+00,7.800000160932540894e-02
1.640000045299530029e-01,-1.037999987602233887e+00,8.200000226497650146e-02
1.526666730642318726e-01,-1.015666723251342773e+00,9.700000286102294922e-02
1.473333388566970825e-01,-1.029333353042602539e+00,9.000000357627868652e-02
1.566666662693023682e-01,-1.029333353042602539e+00,8.600000292062759399e-02
1.570000052452087402e-01,-1.042999982833862305e+00,9.566666930913925171e-02
1.729999929666519165e-01,-1.029666662216186523e+00,1.016666665673255920e-01
1.486666649580001831e-01,-1.047999978065490723e+00,1.006666645407676697e-01
1.573333293199539185e-01,-1.039999961853027344e+00,7.733333110809326172e-02
1.330000013113021851e-01,-1.042999982833862305e+00,8.799999952316284180e-02
1.609999984502792358e-01,-1.057666659355163574e+00,9.000000357627868652e-02
1.563333272933959961e-01,-1.042999982833862305e+00,1.120000034570693970e-01
1.640000045299530029e-01,-1.030333280563354492e+00,1.140000000596046448e-01
1.620000004768371582e-01,-1.028333306312561035e+00,1.073333323001861572e-01
1.496666669845581055e-01,-1.004999995231628418e+00,9.700000286102294922e-02
1.583333313465118408e-01,-1.083999991416931152e+00,7.833333313465118408e-02
1.703333407640457153e-01,-1.053666710853576660e+00,7.400000095367431641e-02
1.640000045299530029e-01,-1.039333343505859375e+00,1.129999980330467224e-01
1.836666613817214966e-01,-1.039000034332275391e+00,1.180000007152557373e-01
1.366666704416275024e-01,-1.018666625022888184e+00,1.113333329558372498e-01
1.700000017881393433e-01,-1.080000042915344238e+00,9.399999678134918213e-02
1.420000046491622925e-01,-1.032333374023437500e+00,8.600000292062759399e-02
1.659999936819076538e-01,-1.023333311080932617e+00,9.566666930913925171e-02
1.486666649580001831e-01,-1.039666652679443359e+00,9.966666996479034424e-02
1.516666710376739502e-01,-9.959999918937683105e-01,1.106666699051856995e-01
1.570000052452087402e-01,-1.037999987602233887e+00,1.270000040531158447e-01
1.456666737794876099e-01,-1.047000050544738770e+00,1.000000014901161194e-01
1.436666697263717651e-01,-1.039999961853027344e+00,9.399999678134918213e-02
1.350000053644180298e-01,-1.051666617393493652e+00,9.466666728258132935e-02
1.416666656732559204e-01,-1.036000013351440430e+00,1.193333342671394348e-01
1.203333362936973572e-01,-1.047999978065490723e+00,1.330000013113021851e-01
1.416666656732559204e-01,-1.068333387374877930e+00,1.306666731834411621e-01
1.180000007152557373e-01,-1.041000008583068848e+00,9.766666591167449951e-02
1.360000073909759521e-01,-1.028333306312561035e+00,1.163333356380462646e-01
1.103333309292793274e-01,-9.843333363533020020e-01,1.133333370089530945e-01
1.270000040531158447e-01,-1.039999961853027344e+00,1.486666649580001831e-01
1.066666692495346069e-01,-1.056666612625122070e+00,1.643333286046981812e-01
1.396666616201400757e-01,-1.016666650772094727e+00,1.710000038146972656e-01
1.256666630506515503e-01,-1.113000035285949707e+00,1.523333340883255005e-01
1.036666631698608398e-01,-9.833333492279052734e-01,1.239999979734420776e-01
1.203333362936973572e-01,-1.055333375930786133e+00,1.356666684150695801e-01
1.410000026226043701e-01,-1.033333301544189453e+00,1.360000073909759521e-01
1.483333259820938110e-01,-1.062666654586791992e+00,1.439999938011169434e-01
1.496666669845581055e-01,-1.049000024795532227e+00,1.220000013709068298e-01
1.386666595935821533e-01,-1.023666620254516602e+00,1.340000033378601074e-01
1.230000033974647522e-01,-1.047999978065490723e+00,1.319999992847442627e-01
9.766666591167449951e-02,-1.045666694641113281e+00,1.416666656732559204e-01
9.200000017881393433e-02,-1.046000003814697266e+00,1.356666684150695801e-01
7.433333247900009155e-02,-1.050999999046325684e+00,1.630000025033950806e-01
7.133333384990692139e-02,-1.049999952316284180e+00,1.476666629314422607e-01
6.899999827146530151e-02,-1.056666612625122070e+00,1.570000052452087402e-01
6.199999898672103882e-02,-1.061666607856750488e+00,1.379999965429306030e-01
6.833333522081375122e-02,-1.036999940872192383e+00,1.599999964237213135e-01
6.466666609048843384e-02,-1.063666701316833496e+00,1.613333374261856079e-01
5.700000002980232239e-02,-1.072000026702880859e+00,1.410000026226043701e-01
5.200000107288360596e-02,-1.066666722297668457e+00,1.563333272933959961e-01
7.633333653211593628e-02,-1.034000039100646973e+00,1.456666737794876099e-01
7.433333247900009155e-02,-1.070000052452087402e+00,1.436666697263717651e-01
7.299999892711639404e-02,-1.080000042915344238e+00,1.389999985694885254e-01
6.633333116769790649e-02,-1.032333374023437500e+00,1.533333361148834229e-01
8.200000226497650146e-02,-1.041000008583068848e+00,1.503333300352096558e-01
6.966666877269744873e-02,-1.050666689872741699e+00,1.319999992847442627e-01
7.133333384990692139e-02,-1.070333361625671387e+00,1.379999965429306030e-01
6.366666406393051147e-02,-1.041000008583068848e+00,1.593333333730697632e-01
4.800000041723251343e-02,-1.058666706085205078e+00,1.633333265781402588e-01
3.500000014901161194e-02,-1.080000042915344238e+00,1.180000007152557373e-01
3.500000014901161194e-02,-1.039999961853027344e+00,1.360000073909759521e-01
3.700000047683715820e-02,-1.060666680335998535e+00,1.650000065565109253e-01
3.900000080466270447e-02,-1.070000052452087402e+00,1.609999984502792358e-01
3.400000184774398804e-02,-1.075000047683715820e+00,1.389999985694885254e-01
3.599999845027923584e-02,-1.066666722297668457e+00,1.400000005960464478e-01
2.333333343267440796e-02,-1.066666722297668457e+00,1.603333353996276855e-01
4.199999943375587463e-02,-1.044000029563903809e+00,1.563333272933959961e-01
4.100000113248825073e-02,-1.077999949455261230e+00,1.449999958276748657e-01
4.899999871850013733e-02,-1.068666696548461914e+00,1.669999957084655762e-01
3.599999845027923584e-02,-1.050666689872741699e+00,1.533333361148834229e-01
2.433333359658718109e-02,-1.055666685104370117e+00,1.410000026226043701e-01
3.999999910593032837e-02,-1.085000038146972656e+00,1.523333340883255005e-01
3.299999982118606567e-02,-1.050999999046325684e+00,1.400000005960464478e-01
2.933333255350589752e-02,-1.059666633605957031e+00,1.400000005960464478e-01
4.600000008940696716e-02,-1.067333340644836426e+00,1.560000032186508179e-01
8.299999684095382690e-02,-1.032999992370605469e+00,1.513333320617675781e-01
1.143333315849304199e-01,-1.047000050544738770e+00,1.239999979734420776e-01
1.609999984502792358e-01,-1.036000013351440430e+00,1.239999979734420776e-01
1.426666676998138428e-01,-1.041000008583068848e+00,1.169999986886978149e-01
1.270000040531158447e-01,-1.047999978065490723e+00,1.209999993443489075e-01
1.340000033378601074e-01,-1.027999997138977051e+00,1.150000020861625671e-01
1.620000004768371582e-01,-1.026999950408935547e+00,1.220000013709068298e-01
1.620000004768371582e-01,-1.027999997138977051e+00,1.199999973177909851e-01
1.776666641235351562e-01,-1.036000013351440430e+00,1.183333322405815125e-01
1.720000058412551880e-01,-1.025333285331726074e+00,1.096666678786277771e-01
1.850000023841857910e-01,-1.022333383560180664e+00,1.209999993443489075e-01
1.819999963045120239e-01,-1.023333311080932617e+00,1.030000001192092896e-01
2.119999974966049194e-01,-1.016000032424926758e+00,1.110000014305114746e-01
2.489999979734420776e-01,-1.008999943733215332e+00,9.399999678134918213e-02
2.610000073909759521e-01,-1.006999969482421875e+00,9.499999880790710449e-02
2.630000114440917969e-01,-1.011999964714050293e+00,9.966666996479034424e-02
2.509999871253967285e-01,-9.990000128746032715e-01,1.019999980926513672e-01
2.520000040531158447e-01,-9.990000128746032715e-01,9.300000220537185669e-02
2.540000081062316895e-01,-1.011999964714050293e+00,9.700000286102294922e-02
2.599999904632568359e-01,-1.004999995231628418e+00,1.000000014901161194e-01
2.669999897480010986e-01,-9.990000128746032715e-01,8.699999749660491943e-02
3.293333351612091064e-01,-9.990000128746032715e-01,8.200000226497650146e-02
3.303333222866058350e-01,-9.890000224113464355e-01,8.399999886751174927e-02
2.969999909400939941e-01,-9.823333621025085449e-01,7.699999958276748657e-02
3.019999861717224121e-01,-9.929999709129333496e-01,7.299999892711639404e-02
3.160000145435333252e-01,-9.909999966621398926e-01,7.699999958276748657e-02
2.969999909400939941e-01,-9.879999756813049316e-01,7.699999958276748657e-02
3.079999983310699463e-01,-9.929999709129333496e-01,7.699999958276748657e-02
3.109999895095825195e-01,-9.909999966621398926e-01,7.699999958276748657e-02
3.079999983310699463e-01,-9.860000014305114746e-01,8.100000023841857910e-02
3.070000112056732178e-01,-9.959999918937683105e-01,8.200000226497650146e-02
3.089999854564666748e-01,-9.879999756813049316e-01,7.900000363588333130e-02
3.079999983310699463e-01,-9.879999756813049316e-01,8.100000023841857910e-02
3.100000023841857910e-01,-9.879999756813049316e-01,8.200000226497650146e-02
3.079999983310699463e-01,-9.890000224113464355e-01,8.299999684095382690e-02
3.100000023841857910e-01,-9.900000095367431641e-01,8.299999684095382690e-02
3.089999854564666748e-01,-9.909999966621398926e-01,8.100000023841857910e-02
3.100000023841857910e-01,-9.890000224113464355e-01,8.100000023841857910e-02
3.059999942779541016e-01,-9.909999966621398926e-01,7.999999821186065674e-02
3.100000023841857910e-01,-9.890000224113464355e-01,8.200000226497650146e-02
3.089999854564666748e-01,-9.890000224113464355e-01,8.100000023841857910e-02
3.089999854564666748e-01,-9.929999709129333496e-01,7.999999821186065674e-02
3.079999983310699463e-01,-9.909999966621398926e-01,7.999999821186065674e-02
3.079999983310699463e-01,-9.909999966621398926e-01,7.999999821186065674e-02
3.089999854564666748e-01,-9.940000176429748535e-01,8.100000023841857910e-02
3.079999983310699463e-01,-9.900000095367431641e-01,7.699999958276748657e-02
3.089999854564666748e-01,-9.959999918937683105e-01,7.599999755620956421e-02
3.079999983310699463e-01,-9.879999756813049316e-01,7.800000160932540894e-02
3.079999983310699463e-01,-9.950000047683715820e-01,7.900000363588333130e-02
3.100000023841857910e-01,-9.950000047683715820e-01,7.599999755620956421e-02
3.120000064373016357e-01,-9.869999885559082031e-01,7.500000298023223877e-02
3.129999935626983643e-01,-9.879999756813049316e-01,7.199999690055847168e-02
3.089999854564666748e-01,-9.890000224113464355e-01,7.199999690055847168e-02
3.120000064373016357e-01,-9.879999756813049316e-01,7.699999958276748657e-02
3.109999895095825195e-01,-9.869999885559082031e-01,7.100000232458114624e-02
3.089999854564666748e-01,-9.919999837875366211e-01,7.400000095367431641e-02
3.100000023841857910e-01,-9.890000224113464355e-01,7.500000298023223877e-02
3.109999895095825195e-01,-9.919999837875366211e-01,7.299999892711639404e-02
3.089999854564666748e-01,-9.900000095367431641e-01,7.500000298023223877e-02
3.089999854564666748e-01,-9.900000095367431641e-01,7.500000298023223877e-02
3.100000023841857910e-01,-9.909999966621398926e-01,7.000000029802322388e-02
3.079999983310699463e-01,-9.900000095367431641e-01,7.400000095367431641e-02
3.109999895095825195e-01,-9.900000095367431641e-01,7.400000095367431641e-02
3.089999854564666748e-01,-9.900000095367431641e-01,7.199999690055847168e-02
3.089999854564666748e-01,-9.869999885559082031e-01,7.299999892711639404e-02
3.140000104904174805e-01,-9.833333492279052734e-01,7.900000363588333130e-02
3.030000030994415283e-01,-9.980000257492065430e-01,7.800000160932540894e-02
3.000000119209289551e-01,-9.900000095367431641e-01,7.199999690055847168e-02
3.079999983310699463e-01,-9.900000095367431641e-01,8.699999749660491943e-02
3.079999983310699463e-01,-9.890000224113464355e-01,9.700000286102294922e-02
3.100000023841857910e-01,-9.860000014305114746e-01,1.019999980926513672e-01
3.120000064373016357e-01,-9.890000224113464355e-01,1.103333309292793274e-01
3.059999942779541016e-01,-9.900000095367431641e-01,1.070000007748603821e-01
3.120000064373016357e-01,-9.900000095367431641e-01,1.113333329558372498e-01
3.070000112056732178e-01,-9.909999966621398926e-01,1.123333349823951721e-01
3.129999935626983643e-01,-9.869999885559082031e-01,1.083333343267440796e-01
3.100000023841857910e-01,-9.869999885559082031e-01,1.076666638255119324e-01
3.100000023841857910e-01,-9.890000224113464355e-01,1.056666672229766846e-01
3.100000023841857910e-01,-9.860000014305114746e-01,1.129999980330467224e-01
3.120000064373016357e-01,-9.890000224113464355e-01,1.086666658520698547e-01
3.120000064373016357e-01,-9.869999885559082031e-01,1.056666672229766846e-01
3.109999895095825195e-01,-9.869999885559082031e-01,1.049999967217445374e-01
3.050000071525573730e-01,-9.929999709129333496e-01,1.070000007748603821e-01
3.109999895095825195e-01,-9.850000143051147461e-01,1.086666658520698547e-01
3.120000064373016357e-01,-9.900000095367431641e-01,1.129999980330467224e-01
3.120000064373016357e-01,-9.900000095367431641e-01,1.150000020861625671e-01
3.000000119209289551e-01,-9.909999966621398926e-01,1.123333349823951721e-01
3.100000023841857910e-01,-9.853333234786987305e-01,1.040000021457672119e-01
3.140000104904174805e-01,-9.850000143051147461e-01,1.000000014901161194e-01
3.100000023841857910e-01,-9.860000014305114746e-01,9.799999743700027466e-02
3.079999983310699463e-01,-9.879999756813049316e-01,1.010000035166740417e-01
3.129999935626983643e-01,-9.879999756813049316e-01,1.046666651964187622e-01
3.120000064373016357e-01,-9.900000095367431641e-01,1.096666678786277771e-01
3.089999854564666748e-01,-9.823333621025085449e-01,1.133333370089530945e-01
3.039999902248382568e-01,-9.890000224113464355e-01,1.153333336114883423e-01
3.199999928474426270e-01,-9.750000238418579102e-01,1.233333349227905273e-01
3.179999887943267822e-01,-9.869999885559082031e-01,1.280000060796737671e-01
3.030000030994415283e-01,-9.879999756813049316e-01,1.113333329558372498e-01
3.079999983310699463e-01,-9.860000014305114746e-01,1.129999980330467224e-01
3.089999854564666748e-01,-9.890000224113464355e-01,1.113333329558372498e-01
3.089999854564666748e-01,-9.879999756813049316e-01,1.120000034570693970e-01
3.109999895095825195e-01,-9.879999756813049316e-01,1.129999980330467224e-01
3.089999854564666748e-01,-9.860000014305114746e-01,1.070000007748603821e-01
3.089999854564666748e-01,-9.869999885559082031e-01,1.113333329558372498e-01
3.089999854564666748e-01,-9.860000014305114746e-01,1.110000014305114746e-01
3.079999983310699463e-01,-9.869999885559082031e-01,1.076666638255119324e-01
3.079999983310699463e-01,-9.869999885559082031e-01,1.096666678786277771e-01
3.089999854564666748e-01,-9.860000014305114746e-01,1.110000014305114746e-01
3.089999854564666748e-01,-9.879999756813049316e-01,1.096666678786277771e-01
3.089999854564666748e-01,-9.879999756813049316e-01,1.103333309292793274e-01
3.089999854564666748e-01,-9.900000095367431641e-01,1.070000007748603821e-01
3.070000112056732178e-01,-9.900000095367431641e-01,1.093333363533020020e-01
3.149999976158142090e-01,-9.840000271797180176e-01,1.106666699051856995e-01
3.179999887943267822e-01,-9.850000143051147461e-01,1.073333323001861572e-01
3.129999935626983643e-01,-9.850000143051147461e-01,1.040000021457672119e-01
3.140000104904174805e-01,-9.869999885559082031e-01,1.066666692495346069e-01
3.100000023841857910e-01,-9.879999756813049316e-01,1.059999987483024597e-01
3.100000023841857910e-01,-9.860000014305114746e-01,1.049999967217445374e-01
3.129999935626983643e-01,-9.869999885559082031e-01,1.076666638255119324e-01
3.129999935626983643e-01,-9.879999756813049316e-01,1.019999980926513672e-01
3.100000023841857910e-01,-9.879999756813049316e-01,1.019999980926513672e-01
3.079999983310699463e-01,-9.850000143051147461e-01,1.030000001192092896e-01
3.079999983310699463e-01,-9.850000143051147461e-01,1.030000001192092896e-01
3.079999983310699463e-01,-9.850000143051147461e-01,1.030000001192092896e-01
3.079999983310699463e-01,-9.850000143051147461e-01,1.030000001192092896e-01
3.079999983310699463e-01,-9.850000143051147461e-01,1.030000001192092896e-01
3.079999983310699463e-01,-9.850000143051147461e-01,1.030000001192092896e-01
3.079999983310699463e-01,-9.850000143051147461e-01,1.030000001192092896e-01
3.079999983310699463e-01,-9.850000143051147461e-01,1.030000001192092896e-01
3.079999983310699463e-01,-9.850000143051147461e-01,1.030000001192092896e-01
3.079999983310699463e-01,-9.850000143051147461e-01,1.030000001192092896e-01
3.079999983310699463e-01,-9.850000143051147461e-01,1.030000001192092896e-01
3.079999983310699463e-01,-9.850000143051147461e-01,1.030000001192092896e-01
3.079999983310699463e-01,-9.850000143051147461e-01,1.030000001192092896e-01
3.079999983310699463e-01,-9.850000143051147461e-01,1.030000001192092896e-01
3.079999983310699463e-01,-9.850000143051147461e-01,1.030000001192092896e-01
3.079999983310699463e-01,-9.850000143051147461e-01,1.030000001192092896e-01
3.079999983310699463e-01,-9.850000143051147461e-01,1.030000001192092896e-01
3.079999983310699463e-01,-9.850000143051147461e-01,1.030000001192092896e-01
3.079999983310699463e-01,-9.850000143051147461e-01,1.030000001192092896e-01
3.079999983310699463e-01,-9.850000143051147461e-01,1.030000001192092896e-01
3.079999983310699463e-01,-9.850000143051147461e-01,1.030000001192092896e-01
3.079999983310699463e-01,-9.850000143051147461e-01,1.030000001192092896e-01
3.079999983310699463e-01,-9.850000143051147461e-01,1.030000001192092896e-01
3.079999983310699463e-01,-9.850000143051147461e-01,1.030000001192092896e-01
3.079999983310699463e-01,-9.850000143051147461e-01,1.030000001192092896e-01
3.079999983310699463e-01,-9.850000143051147461e-01,1.030000001192092896e-01
3.079999983310699463e-01,-9.850000143051147461e-01,1.030000001192092896e-01
3.079999983310699463e-01,-9.850000143051147461e-01,1.030000001192092896e-01
3.079999983310699463e-01,-9.850000143051147461e-01,1.030000001192092896e-01
3.079999983310699463e-01,-9.850000143051147461e-01,1.030000001192092896e-01
3.079999983310699463e-01,-9.850000143051147461e-01,1.030000001192092896e-01
3.079999983310699463e-01,-9.850000143051147461e-01,1.030000001192092896e-01
3.079999983310699463e-01,-9.850000143051147461e-01,1.030000001192092896e-01
3.079999983310699463e-01,-9.850000143051147461e-01,1.030000001192092896e-01
3.079999983310699463e-01,-9.850000143051147461e-01,1.030000001192092896e-01
3.079999983310699463e-01,-9.850000143051147461e-01,1.030000001192092896e-01
3.079999983310699463e-01,-9.850000143051147461e-01,1.030000001192092896e-01
3.079999983310699463e-01,-9.850000143051147461e-01,1.030000001192092896e-01
3.079999983310699463e-01,-9.850000143051147461e-01,1.030000001192092896e-01
3.079999983310699463e-01,-9.850000143051147461e-01,1.030000001192092896e-01
3.079999983310699463e-01,-9.850000143051147461e-01,1.030000001192092896e-01
3.079999983310699463e-01,-9.850000143051147461e-01,1.030000001192092896e-01
3.079999983310699463e-01,-9.850000143051147461e-01,1.030000001192092896e-01
3.079999983310699463e-01,-9.850000143051147461e-01,1.030000001192092896e-01
3.079999983310699463e-01,-9.850000143051147461e-01,1.030000001192092896e-01
3.079999983310699463e-01,-9.850000143051147461e-01,1.030000001192092896e-01
3.079999983310699463e-01,-9.850000143051147461e-01,1.030000001192092896e-01
3.079999983310699463e-01,-9.850000143051147461e-01,1.030000001192092896e-01
3.079999983310699463e-01,-9.850000143051147461e-01,1.030000001192092896e-01
3.079999983310699463e-01,-9.850000143051147461e-01,1.030000001192092896e-01
3.079999983310699463e-01,-9.850000143051147461e-01,1.030000001192092896e-01
3.079999983310699463e-01,-9.850000143051147461e-01,1.030000001192092896e-01
3.079999983310699463e-01,-9.850000143051147461e-01,1.030000001192092896e-01
3.079999983310699463e-01,-9.850000143051147461e-01,1.030000001192092896e-01
3.079999983310699463e-01,-9.850000143051147461e-01,1.030000001192092896e-01
3.079999983310699463e-01,-9.850000143051147461e-01,1.030000001192092896e-01
3.079999983310699463e-01,-9.850000143051147461e-01,1.030000001192092896e-01
3.079999983310699463e-01,-9.850000143051147461e-01,1.030000001192092896e-01
3.079999983310699463e-01,-9.850000143051147461e-01,1.030000001192092896e-01
3.079999983310699463e-01,-9.850000143051147461e-01,1.030000001192092896e-01
3.079999983310699463e-01,-9.850000143051147461e-01,1.030000001192092896e-01
3.079999983310699463e-01,-9.850000143051147461e-01,1.030000001192092896e-01
3.079999983310699463e-01,-9.850000143051147461e-01,1.030000001192092896e-01
3.079999983310699463e-01,-9.850000143051147461e-01,1.030000001192092896e-01
3.079999983310699463e-01,-9.850000143051147461e-01,1.030000001192092896e-01
3.079999983310699463e-01,-9.850000143051147461e-01,1.030000001192092896e-01
3.079999983310699463e-01,-9.850000143051147461e-01,1.030000001192092896e-01
3.079999983310699463e-01,-9.850000143051147461e-01,1.030000001192092896e-01
3.079999983310699463e-01,-9.850000143051147461e-01,1.030000001192092896e-01
3.079999983310699463e-01,-9.850000143051147461e-01,1.030000001192092896e-01
3.079999983310699463e-01,-9.850000143051147461e-01,1.030000001192092896e-01
3.079999983310699463e-01,-9.850000143051147461e-01,1.030000001192092896e-01
3.079999983310699463e-01,-9.850000143051147461e-01,1.030000001192092896e-01
3.079999983310699463e-01,-9.850000143051147461e-01,1.030000001192092896e-01
3.079999983310699463e-01,-9.850000143051147461e-01,1.030000001192092896e-01
3.079999983310699463e-01,-9.850000143051147461e-01,1.030000001192092896e-01
3.079999983310699463e-01,-9.850000143051147461e-01,1.030000001192092896e-01
3.079999983310699463e-01,-9.850000143051147461e-01,1.030000001192092896e-01
3.079999983310699463e-01,-9.850000143051147461e-01,1.030000001192092896e-01
3.079999983310699463e-01,-9.850000143051147461e-01,1.030000001192092896e-01
3.079999983310699463e-01,-9.850000143051147461e-01,1.030000001192092896e-01
3.079999983310699463e-01,-9.850000143051147461e-01,1.030000001192092896e-01
3.079999983310699463e-01,-9.850000143051147461e-01,1.030000001192092896e-01
3.079999983310699463e-01,-9.850000143051147461e-01,1.030000001192092896e-01
3.079999983310699463e-01,-9.850000143051147461e-01,1.030000001192092896e-01
3.079999983310699463e-01,-9.850000143051147461e-01,1.030000001192092896e-01
3.079999983310699463e-01,-9.850000143051147461e-01,1.030000001192092896e-01
3.079999983310699463e-01,-9.850000143051147461e-01,1.030000001192092896e-01
3.079999983310699463e-01,-9.850000143051147461e-01,1.030000001192092896e-01
3.079999983310699463e-01,-9.850000143051147461e-01,1.030000001192092896e-01
3.079999983310699463e-01,-9.850000143051147461e-01,1.030000001192092896e-01
3.079999983310699463e-01,-9.850000143051147461e-01,1.030000001192092896e-01
3.079999983310699463e-01,-9.850000143051147461e-01,1.030000001192092896e-01
3.079999983310699463e-01,-9.850000143051147461e-01,1.030000001192092896e-01
3.079999983310699463e-01,-9.850000143051147461e-01,1.030000001192092896e-01
3.079999983310699463e-01,-9.850000143051147461e-01,1.030000001192092896e-01
3.079999983310699463e-01,-9.850000143051147461e-01,1.030000001192092896e-01
3.079999983310699463e-01,-9.850000143051147461e-01,1.030000001192092896e-01
3.079999983310699463e-01,-9.850000143051147461e-01,1.030000001192092896e-01
3.079999983310699463e-01,-9.850000143051147461e-01,1.030000001192092896e-01
3.079999983310699463e-01,-9.850000143051147461e-01,1.030000001192092896e-01
3.079999983310699463e-01,-9.850000143051147461e-01,1.030000001192092896e-01
3.079999983310699463e-01,-9.850000143051147461e-01,1.030000001192092896e-01
3.079999983310699463e-01,-9.850000143051147461e-01,1.030000001192092896e-01
3.079999983310699463e-01,-9.850000143051147461e-01,1.030000001192092896e-01
3.079999983310699463e-01,-9.850000143051147461e-01,1.030000001192092896e-01
3.079999983310699463e-01,-9.850000143051147461e-01,1.030000001192092896e-01
3.079999983310699463e-01,-9.850000143051147461e-01,1.030000001192092896e-01
3.079999983310699463e-01,-9.850000143051147461e-01,1.030000001192092896e-01
3.079999983310699463e-01,-9.850000143051147461e-01,1.030000001192092896e-01
3.079999983310699463e-01,-9.850000143051147461e-01,1.030000001192092896e-01
3.079999983310699463e-01,-9.850000143051147461e-01,1.030000001192092896e-01
3.079999983310699463e-01,-9.850000143051147461e-01,1.030000001192092896e-01
3.079999983310699463e-01,-9.850000143051147461e-01,1.030000001192092896e-01
3.079999983310699463e-01,-9.850000143051147461e-01,1.030000001192092896e-01
3.079999983310699463e-01,-9.850000143051147461e-01,1.030000001192092896e-01
3.079999983310699463e-01,-9.850000143051147461e-01,1.030000001192092896e-01
3.079999983310699463e-01,-9.850000143051147461e-01,1.030000001192092896e-01
3.079999983310699463e-01,-9.850000143051147461e-01,1.030000001192092896e-01
3.079999983310699463e-01,-9.850000143051147461e-01,1.030000001192092896e-01
3.079999983310699463e-01,-9.850000143051147461e-01,1.030000001192092896e-01
3.079999983310699463e-01,-9.850000143051147461e-01,1.030000001192092896e-01
3.079999983310699463e-01,-9.850000143051147461e-01,1.030000001192092896e-01
3.079999983310699463e-01,-9.850000143051147461e-01,1.030000001192092896e-01
3.079999983310699463e-01,-9.850000143051147461e-01,1.030000001192092896e-01
3.079999983310699463e-01,-9.850000143051147461e-01,1.030000001192092896e-01
3.079999983310699463e-01,-9.850000143051147461e-01,1.030000001192092896e-01
3.079999983310699463e-01,-9.850000143051147461e-01,1.030000001192092896e-01
3.079999983310699463e-01,-9.850000143051147461e-01,1.030000001192092896e-01
3.079999983310699463e-01,-9.850000143051147461e-01,1.030000001192092896e-01
3.079999983310699463e-01,-9.850000143051147461e-01,1.030000001192092896e-01
3.079999983310699463e-01,-9.850000143051147461e-01,1.030000001192092896e-01
3.079999983310699463e-01,-9.850000143051147461e-01,1.030000001192092896e-01
3.079999983310699463e-01,-9.850000143051147461e-01,1.030000001192092896e-01
3.079999983310699463e-01,-9.850000143051147461e-01,1.030000001192092896e-01
3.079999983310699463e-01,-9.850000143051147461e-01,1.030000001192092896e-01
3.079999983310699463e-01,-9.850000143051147461e-01,1.030000001192092896e-01
3.079999983310699463e-01,-9.850000143051147461e-01,1.030000001192092896e-01
3.079999983310699463e-01,-9.850000143051147461e-01,1.030000001192092896e-01
3.079999983310699463e-01,-9.850000143051147461e-01,1.030000001192092896e-01
3.079999983310699463e-01,-9.850000143051147461e-01,1.030000001192092896e-01
3.079999983310699463e-01,-9.850000143051147461e-01,1.030000001192092896e-01
3.079999983310699463e-01,-9.850000143051147461e-01,1.030000001192092896e-01
3.079999983310699463e-01,-9.850000143051147461e-01,1.030000001192092896e-01
3.079999983310699463e-01,-9.850000143051147461e-01,1.030000001192092896e-01
3.079999983310699463e-01,-9.850000143051147461e-01,1.030000001192092896e-01
3.079999983310699463e-01,-9.850000143051147461e-01,1.030000001192092896e-01
3.079999983310699463e-01,-9.850000143051147461e-01,1.030000001192092896e-01
3.079999983310699463e-01,-9.850000143051147461e-01,1.030000001192092896e-01
3.079999983310699463e-01,-9.850000143051147461e-01,1.030000001192092896e-01
3.079999983310699463e-01,-9.850000143051147461e-01,1.030000001192092896e-01
3.079999983310699463e-01,-9.850000143051147461e-01,1.030000001192092896e-01
3.079999983310699463e-01,-9.850000143051147461e-01,1.030000001192092896e-01
3.079999983310699463e-01,-9.850000143051147461e-01,1.030000001192092896e-01
3.079999983310699463e-01,-9.850000143051147461e-01,1.030000001192092896e-01
3.079999983310699463e-01,-9.850000143051147461e-01,1.030000001192092896e-01
3.079999983310699463e-01,-9.850000143051147461e-01,1.030000001192092896e-01
3.079999983310699463e-01,-9.850000143051147461e-01,1.030000001192092896e-01
3.079999983310699463e-01,-9.850000143051147461e-01,1.030000001192092896e-01
3.079999983310699463e-01,-9.850000143051147461e-01,1.030000001192092896e-01
3.079999983310699463e-01,-9.850000143051147461e-01,1.030000001192092896e-01
3.079999983310699463e-01,-9.850000143051147461e-01,1.030000001192092896e-01
3.079999983310699463e-01,-9.850000143051147461e-01,1.030000001192092896e-01
3.079999983310699463e-01,-9.850000143051147461e-01,1.030000001192092896e-01
3.079999983310699463e-01,-9.850000143051147461e-01,1.030000001192092896e-01
3.079999983310699463e-01,-9.850000143051147461e-01,1.030000001192092896e-01
3.079999983310699463e-01,-9.850000143051147461e-01,1.030000001192092896e-01
3.079999983310699463e-01,-9.850000143051147461e-01,1.030000001192092896e-01
3.079999983310699463e-01,-9.850000143051147461e-01,1.030000001192092896e-01
3.079999983310699463e-01,-9.850000143051147461e-01,1.030000001192092896e-01
3.079999983310699463e-01,-9.850000143051147461e-01,1.030000001192092896e-01
3.079999983310699463e-01,-9.850000143051147461e-01,1.030000001192092896e-01
3.079999983310699463e-01,-9.850000143051147461e-01,1.030000001192092896e-01
3.079999983310699463e-01,-9.850000143051147461e-01,1.030000001192092896e-01
3.079999983310699463e-01,-9.850000143051147461e-01,1.030000001192092896e-01
3.079999983310699463e-01,-9.850000143051147461e-01,1.030000001192092896e-01
3.079999983310699463e-01,-9.850000143051147461e-01,1.030000001192092896e-01
3.079999983310699463e-01,-9.850000143051147461e-01,1.030000001192092896e-01
3.079999983310699463e-01,-9.850000143051147461e-01,1.030000001192092896e-01
3.079999983310699463e-01,-9.850000143051147461e-01,1.030000001192092896e-01
3.079999983310699463e-01,-9.850000143051147461e-01,1.030000001192092896e-01
3.079999983310699463e-01,-9.850000143051147461e-01,1.030000001192092896e-01
3.079999983310699463e-01,-9.850000143051147461e-01,1.030000001192092896e-01
3.079999983310699463e-01,-9.850000143051147461e-01,1.030000001192092896e-01
3.079999983310699463e-01,-9.850000143051147461e-01,1.030000001192092896e-01
3.079999983310699463e-01,-9.850000143051147461e-01,1.030000001192092896e-01
3.079999983310699463e-01,-9.850000143051147461e-01,1.030000001192092896e-01
3.079999983310699463e-01,-9.850000143051147461e-01,1.030000001192092896e-01
3.079999983310699463e-01,-9.850000143051147461e-01,1.030000001192092896e-01
3.079999983310699463e-01,-9.850000143051147461e-01,1.030000001192092896e-01
3.079999983310699463e-01,-9.850000143051147461e-01,1.030000001192092896e-01
3.079999983310699463e-01,-9.850000143051147461e-01,1.030000001192092896e-01
3.079999983310699463e-01,-9.850000143051147461e-01,1.030000001192092896e-01
3.079999983310699463e-01,-9.850000143051147461e-01,1.030000001192092896e-01
3.079999983310699463e-01,-9.850000143051147461e-01,1.030000001192092896e-01
3.079999983310699463e-01,-9.850000143051147461e-01,1.030000001192092896e-01
3.079999983310699463e-01,-9.850000143051147461e-01,1.030000001192092896e-01
3.079999983310699463e-01,-9.850000143051147461e-01,1.030000001192092896e-01
3.079999983310699463e-01,-9.850000143051147461e-01,1.030000001192092896e-01
3.079999983310699463e-01,-9.850000143051147461e-01,1.030000001192092896e-01
3.079999983310699463e-01,-9.850000143051147461e-01,1.030000001192092896e-01
3.079999983310699463e-01,-9.850000143051147461e-01,1.030000001192092896e-01
3.079999983310699463e-01,-9.850000143051147461e-01,1.030000001192092896e-01
3.079999983310699463e-01,-9.850000143051147461e-01,1.030000001192092896e-01
3.079999983310699463e-01,-9.850000143051147461e-01,1.030000001192092896e-01
3.079999983310699463e-01,-9.850000143051147461e-01,1.030000001192092896e-01
3.079999983310699463e-01,-9.850000143051147461e-01,1.030000001192092896e-01
3.079999983310699463e-01,-9.850000143051147461e-01,1.030000001192092896e-01
3.079999983310699463e-01,-9.850000143051147461e-01,1.030000001192092896e-01
3.079999983310699463e-01,-9.850000143051147461e-01,1.030000001192092896e-01
3.079999983310699463e-01,-9.850000143051147461e-01,1.030000001192092896e-01
3.079999983310699463e-01,-9.850000143051147461e-01,1.030000001192092896e-01
3.079999983310699463e-01,-9.850000143051147461e-01,1.030000001192092896e-01
3.079999983310699463e-01,-9.850000143051147461e-01,1.030000001192092896e-01
3.079999983310699463e-01,-9.850000143051147461e-01,1.030000001192092896e-01
3.079999983310699463e-01,-9.850000143051147461e-01,1.030000001192092896e-01
3.079999983310699463e-01,-9.850000143051147461e-01,1.030000001192092896e-01
3.079999983310699463e-01,-9.850000143051147461e-01,1.030000001192092896e-01
3.079999983310699463e-01,-9.850000143051147461e-01,1.030000001192092896e-01
3.079999983310699463e-01,-9.850000143051147461e-01,1.030000001192092896e-01
4.309999942779541016e-01,-9.580000042915344238e-01,5.999999865889549255e-02
4.603333473205566406e-01,-9.490000009536743164e-01,5.099999904632568359e-02
4.839999973773956299e-01,-9.399999976158142090e-01,4.699999839067459106e-02
4.889999926090240479e-01,-9.430000185966491699e-01,4.300000146031379700e-02
4.799999892711639404e-01,-9.353333115577697754e-01,3.599999845027923584e-02
4.860000014305114746e-01,-9.346666932106018066e-01,3.200000151991844177e-02
5.063333511352539062e-01,-9.403333067893981934e-01,1.633333414793014526e-02
5.199999809265136719e-01,-9.279999732971191406e-01,1.099999994039535522e-02
5.513333082199096680e-01,-9.210000038146972656e-01,8.999999612569808960e-03
5.759999752044677734e-01,-9.229999780654907227e-01,-2.000000094994902611e-03
5.806666612625122070e-01,-9.200000166893005371e-01,4.999999888241291046e-03
5.559999942779541016e-01,-9.139999747276306152e-01,-9.999999776482582092e-03
5.379999876022338867e-01,-9.190000295639038086e-01,9.999999776482582092e-03
5.270000100135803223e-01,-9.470000267028808594e-01,1.799999922513961792e-02
5.043333172798156738e-01,-9.259999990463256836e-01,8.999999612569808960e-03
5.099999904632568359e-01,-9.150000214576721191e-01,9.999999776482582092e-03
5.143333077430725098e-01,-9.626666903495788574e-01,1.233333349227905273e-02
5.163333415985107422e-01,-9.393333196640014648e-01,5.666666664183139801e-03
4.970000088214874268e-01,-9.266666769981384277e-01,-2.333333343267440796e-02
5.023333430290222168e-01,-9.293333292007446289e-01,-1.200000010430812836e-02
4.636666774749755859e-01,-9.509999752044677734e-01,-1.666666753590106964e-02
4.320000112056732178e-01,-9.449999928474426270e-01,7.000000216066837311e-03
4.050000011920928955e-01,-9.620000123977661133e-01,-3.000000026077032089e-03
4.133333265781402588e-01,-9.689999818801879883e-01,-1.766666583716869354e-02
4.516666531562805176e-01,-9.520000219345092773e-01,-1.000000047497451305e-03
4.653333425521850586e-01,-9.326666593551635742e-01,-7.000000216066837311e-03
4.930000007152557373e-01,-9.480000138282775879e-01,2.000000094994902611e-03
4.986666738986968994e-01,-9.316666722297668457e-01,-8.000000379979610443e-03
4.909999966621398926e-01,-9.440000057220458984e-01,-1.266666688024997711e-02
5.083333253860473633e-01,-9.346666932106018066e-01,6.000000052154064178e-03
4.996666610240936279e-01,-9.423333406448364258e-01,6.000000052154064178e-03
4.959999918937683105e-01,-9.363333582878112793e-01,1.566666737198829651e-02
4.970000088214874268e-01,-9.433333277702331543e-01,3.599999845027923584e-02
4.426666796207427979e-01,-9.629999995231628418e-01,2.233333326876163483e-02
4.370000064373016357e-01,-9.319999814033508301e-01,4.899999871850013733e-02
4.239999949932098389e-01,-9.543333053588867188e-01,5.600000172853469849e-02
4.123333394527435303e-01,-9.823333621025085449e-01,5.099999904632568359e-02
3.840000033378601074e-01,-9.813333153724670410e-01,2.433333359658718109e-02
3.779999911785125732e-01,-9.599999785423278809e-01,5.200000107288360596e-02
3.849999904632568359e-01,-9.649999737739562988e-01,5.666666850447654724e-02
3.829999864101409912e-01,-9.670000076293945312e-01,3.500000014901161194e-02
3.849999904632568359e-01,-9.720000028610229492e-01,3.500000014901161194e-02
3.736666738986968994e-01,-9.786666631698608398e-01,4.899999871850013733e-02
3.549999892711639404e-01,-9.726666808128356934e-01,4.300000146031379700e-02
3.823333382606506348e-01,-9.499999880790710449e-01,3.599999845027923584e-02
3.840000033378601074e-01,-9.853333234786987305e-01,3.200000151991844177e-02
3.930000066757202148e-01,-9.610000252723693848e-01,5.000000074505805969e-02
3.919999897480010986e-01,-9.559999704360961914e-01,4.500000178813934326e-02
3.763333261013031006e-01,-9.919999837875366211e-01,2.899999916553497314e-02
3.880000114440917969e-01,-9.626666903495788574e-01,3.500000014901161194e-02
3.919999897480010986e-01,-9.620000123977661133e-01,4.399999976158142090e-02
3.939999938011169434e-01,-9.873333573341369629e-01,3.299999982118606567e-02
3.959999978542327881e-01,-9.629999995231628418e-01,4.300000146031379700e-02
3.919999897480010986e-01,-9.900000095367431641e-01,5.000000074505805969e-02
4.020000100135803223e-01,-9.549999833106994629e-01,3.799999877810478210e-02
4.040000140666961670e-01,-9.543333053588867188e-01,2.633333392441272736e-02
3.880000114440917969e-01,-1.006666660308837891e+00,2.733333408832550049e-02
4.153333306312561035e-01,-9.480000138282775879e-01,3.099999949336051941e-02
3.656666576862335205e-01,-9.656666517257690430e-01,4.300000146031379700e-02
2.903333306312561035e-01,-1.001000046730041504e+00,3.999999910593032837e-02
2.759999930858612061e-01,-1.016666650772094727e+00,4.600000008940696716e-02
2.846666574478149414e-01,-9.636666774749755859e-01,5.966666713356971741e-02
2.619999945163726807e-01,-9.933333396911621094e-01,6.066666543483734131e-02
2.529999911785125732e-01,-1.039000034332275391e+00,4.866666719317436218e-02
2.450000047683715820e-01,-9.566666483879089355e-01,8.299999684095382690e-02
2.520000040531158447e-01,-1.022333383560180664e+00,7.533333450555801392e-02
2.493333369493484497e-01,-1.004999995231628418e+00,6.266666948795318604e-02
2.720000147819519043e-01,-1.029333353042602539e+00,7.800000160932540894e-02
2.579999864101409912e-01,-1.011666655540466309e+00,5.166666582226753235e-02
2.356666624546051025e-01,-1.009666681289672852e+00,4.699999839067459106e-02
2.396666705608367920e-01,-1.009666681289672852e+00,5.400000140070915222e-02
2.409999966621398926e-01,-9.953333139419555664e-01,6.733333319425582886e-02
2.549999952316284180e-01,-1.026333332061767578e+00,5.666666850447654724e-02
2.529999911785125732e-01,-1.018666625022888184e+00,4.699999839067459106e-02
2.766666710376739502e-01,-9.736666679382324219e-01,8.766666799783706665e-02
3.050000071525573730e-01,-1.016666650772094727e+00,9.966666996479034424e-02
2.756666541099548340e-01,-1.014999985694885254e+00,4.199999943375587463e-02
2.560000121593475342e-01,-9.826666712760925293e-01,3.599999845027923584e-02
2.893333435058593750e-01,-9.883333444595336914e-01,6.166666746139526367e-02
3.030000030994415283e-01,-1.016666650772094727e+00,5.466666817665100098e-02
3.009999990463256836e-01,-9.933333396911621094e-01,9.666666388511657715e-03
3.160000145435333252e-01,-9.980000257492065430e-01,3.000000026077032089e-03
3.160000145435333252e-01,-9.796666502952575684e-01,3.433333337306976318e-02
3.533333241939544678e-01,-9.836666584014892578e-01,9.000000357627868652e-02
3.499999940395355225e-01,-9.736666679382324219e-01,1.766666583716869354e-02
3.303333222866058350e-01,-1.024333357810974121e+00,-4.100000113248825073e-02
3.616666793823242188e-01,-9.463333487510681152e-01,3.233333304524421692e-02
3.753333389759063721e-01,-9.610000252723693848e-01,8.233333379030227661e-02
3.473333418369293213e-01,-1.075333356857299805e+00,-4.999999888241291046e-03
3.400000035762786865e-01,-9.776666760444641113e-01,-2.466666698455810547e-02
3.753333389759063721e-01,-9.100000262260437012e-01,4.399999976158142090e-02
3.959999978542327881e-01,-1.036999940872192383e+00,8.699999749660491943e-02
3.653333187103271484e-01,-9.973333477973937988e-01,3.900000080466270447e-02
3.449999988079071045e-01,-9.296666383743286133e-01,-3.000000026077032089e-03
3.569999933242797852e-01,-9.689999818801879883e-01,2.466666698455810547e-02
3.843333423137664795e-01,-9.900000095367431641e-01,3.400000184774398804e-02
3.519999980926513672e-01,-1.009999990463256836e+00,2.000000094994902611e-03
3.650000095367431641e-01,-9.716666936874389648e-01,1.466666627675294876e-02
3.813333213329315186e-01,-9.423333406448364258e-01,3.700000047683715820e-02
3.779999911785125732e-01,-9.549999833106994629e-01,3.799999877810478210e-02
3.869999945163726807e-01,-9.636666774749755859e-01,3.900000080466270447e-02
3.650000095367431641e-01,-9.639999866485595703e-01,1.766666583716869354e-02
3.636666536331176758e-01,-9.589999914169311523e-01,1.866666600108146667e-02
3.696666657924652100e-01,-9.649999737739562988e-01,6.000000052154064178e-03
3.810000121593475342e-01,-9.950000047683715820e-01,3.133333474397659302e-02
3.713333308696746826e-01,-9.833333492279052734e-01,2.433333359658718109e-02
3.600000143051147461e-01,-9.786666631698608398e-01,-2.000000094994902611e-03
3.733333349227905273e-01,-9.599999785423278809e-01,2.466666698455810547e-02
3.869999945163726807e-01,-9.980000257492065430e-01,5.666666850447654724e-02
3.723333477973937988e-01,-1.032333374023437500e+00,5.166666582226753235e-02
3.650000095367431641e-01,-9.393333196640014648e-01,6.000000052154064178e-03
3.833333253860473633e-01,-9.873333573341369629e-01,2.233333326876163483e-02
3.813333213329315186e-01,-9.990000128746032715e-01,3.400000184774398804e-02
3.379999995231628418e-01,-9.530000090599060059e-01,9.666666388511657715e-03
3.643333315849304199e-01,-9.559999704360961914e-01,3.099999949336051941e-02
3.773333430290222168e-01,-1.020333290100097656e+00,9.666666388511657715e-03
3.696666657924652100e-01,-9.833333492279052734e-01,1.366666704416275024e-02
3.693333268165588379e-01,-9.649999737739562988e-01,1.933333277702331543e-02
3.589999973773956299e-01,-9.990000128746032715e-01,-1.566666737198829651e-02
3.650000095367431641e-01,-9.686666727066040039e-01,-8.000000379979610443e-03
3.706666529178619385e-01,-9.639999866485595703e-01,1.366666704416275024e-02
3.676666617393493652e-01,-9.610000252723693848e-01,4.666666500270366669e-03
3.610000014305114746e-01,-9.940000176429748535e-01,4.999999888241291046e-03
3.449999988079071045e-01,-9.306666851043701172e-01,1.366666704416275024e-02
3.610000014305114746e-01,-9.853333234786987305e-01,2.866666577756404877e-02
3.479999899864196777e-01,-9.969999790191650391e-01,5.466666817665100098e-02
3.359999954700469971e-01,-9.823333621025085449e-01,4.699999839067459106e-02
3.616666793823242188e-01,-9.893333315849304199e-01,6.366666406393051147e-02
3.420000076293945312e-01,-1.017666697502136230e+00,6.533333659172058105e-02
3.363333344459533691e-01,-9.610000252723693848e-01,4.966666549444198608e-02
3.510000109672546387e-01,-9.806666374206542969e-01,4.266666620969772339e-02
3.490000069141387939e-01,-9.813333153724670410e-01,7.433333247900009155e-02
3.370000123977661133e-01,-9.660000205039978027e-01,5.200000107288360596e-02
3.519999980926513672e-01,-9.706666469573974609e-01,5.799999833106994629e-02
3.560000061988830566e-01,-1.003000020980834961e+00,4.399999976158142090e-02
3.569999933242797852e-01,-9.716666936874389648e-01,4.399999976158142090e-02
3.670000135898590088e-01,-9.929999709129333496e-01,3.599999845027923584e-02
3.616666793823242188e-01,-9.853333234786987305e-01,3.133333474397659302e-02
3.569999933242797852e-01,-9.559999704360961914e-01,2.133333310484886169e-02
3.696666657924652100e-01,-9.763333201408386230e-01,2.133333310484886169e-02
3.696666657924652100e-01,-9.726666808128356934e-01,2.433333359658718109e-02
3.529999852180480957e-01,-9.923333525657653809e-01,1.266666688024997711e-02
3.659999966621398926e-01,-9.726666808128356934e-01,-2.000000094994902611e-03
3.726666569709777832e-01,-9.833333492279052734e-01,8.999999612569808960e-03
3.639999926090240479e-01,-9.656666517257690430e-01,9.999999776482582092e-03
3.580000102519989014e-01,-9.333333373069763184e-01,6.000000052154064178e-03
3.470000028610229492e-01,-1.006000041961669922e+00,-9.666666388511657715e-03
3.580000102519989014e-01,-9.786666631698608398e-01,4.699999839067459106e-02
3.763333261013031006e-01,-1.022333383560180664e+00,4.000000189989805222e-03
3.950000107288360596e-01,-1.033333301544189453e+00,1.766666583716869354e-02
3.443333208560943604e-01,-9.656666517257690430e-01,0.000000000000000000e+00
3.519999980926513672e-01,-9.676666855812072754e-01,2.733333408832550049e-02
3.499999940395355225e-01,-9.546666741371154785e-01,4.600000008940696716e-02
3.560000061988830566e-01,-9.813333153724670410e-01,4.899999871850013733e-02
3.323333263397216797e-01,-9.666666388511657715e-01,5.666666850447654724e-02
3.039999902248382568e-01,-9.746666550636291504e-01,3.700000047683715820e-02
2.939999997615814209e-01,-9.903333187103271484e-01,9.866666793823242188e-02
2.716666758060455322e-01,-1.006999969482421875e+00,1.076666638255119324e-01
2.750000059604644775e-01,-1.014666676521301270e+00,1.250000000000000000e-01
2.720000147819519043e-01,-1.027333378791809082e+00,1.190000027418136597e-01
2.660000026226043701e-01,-9.826666712760925293e-01,8.600000292062759399e-02
2.549999952316284180e-01,-1.017666697502136230e+00,8.399999886751174927e-02
2.453333288431167603e-01,-9.873333573341369629e-01,9.700000286102294922e-02
2.776666581630706787e-01,-1.011999964714050293e+00,1.036666631698608398e-01
2.649999856948852539e-01,-1.004999995231628418e+00,9.399999678134918213e-02
2.619999945163726807e-01,-9.843333363533020020e-01,1.026666685938835144e-01
2.610000073909759521e-01,-1.004999995231628418e+00,8.299999684095382690e-02
2.450000047683715820e-01,-1.029333353042602539e+00,7.800000160932540894e-02
2.669999897480010986e-01,-9.746666550636291504e-01,9.600000083446502686e-02
2.770000100135803223e-01,-1.037999987602233887e+00,1.086666658520698547e-01
2.413333356380462646e-01,-9.953333139419555664e-01,9.399999678134918213e-02
2.726666629314422607e-01,-9.596666693687438965e-01,9.600000083446502686e-02
2.700000107288360596e-01,-1.028333306312561035e+00,8.033332973718643188e-02
2.730000019073486328e-01,-1.034999966621398926e+00,7.633333653211593628e-02
2.590000033378601074e-01,-9.826666712760925293e-01,7.100000232458114624e-02
3.140000104904174805e-01,-1.026333332061767578e+00,1.063333302736282349e-01
2.610000073909759521e-01,-9.836666584014892578e-01,7.533333450555801392e-02
2.240000069141387939e-01,-9.219999909400939941e-01,7.999999821186065674e-02
2.726666629314422607e-01,-1.010666608810424805e+00,4.300000146031379700e-02
2.549999952316284180e-01,-1.036999940872192383e+00,3.033333271741867065e-02
2.796666622161865234e-01,-1.021333336830139160e+00,5.366666615009307861e-02
2.436666637659072876e-01,-1.012333273887634277e+00,3.799999877810478210e-02
2.660000026226043701e-01,-1.001000046730041504e+00,3.533333167433738708e-02
2.433333396911621094e-01,-1.039000034332275391e+00,7.000000216066837311e-03
2.356666624546051025e-01,-9.990000128746032715e-01,1.700000092387199402e-02
2.463333308696746826e-01,-1.008666634559631348e+00,1.266666688024997711e-02
2.356666624546051025e-01,-1.017666697502136230e+00,3.799999877810478210e-02
2.549999952316284180e-01,-1.017666697502136230e+00,6.966666877269744873e-02
2.393333315849304199e-01,-9.959999918937683105e-01,6.433333456516265869e-02
2.720000147819519043e-01,-1.046000003814697266e+00,6.466666609048843384e-02
2.500000000000000000e-01,-1.006000041961669922e+00,4.699999839067459106e-02
2.730000019073486328e-01,-9.843333363533020020e-01,2.333333343267440796e-02
2.930000126361846924e-01,-9.933333396911621094e-01,1.366666704416275024e-02
3.433333337306976318e-01,-1.002666711807250977e+00,5.700000002980232239e-02
3.333333432674407959e-01,-9.923333525657653809e-01,2.666666731238365173e-02
3.449999988079071045e-01,-9.903333187103271484e-01,1.466666627675294876e-02
3.079999983310699463e-01,-1.003000020980834961e+00,-4.199999943375587463e-02
2.980000078678131104e-01,-9.836666584014892578e-01,-9.066666662693023682e-02
2.960000038146972656e-01,-1.005666613578796387e+00,-1.213333308696746826e-01
3.216666579246520996e-01,-9.706666469573974609e-01,-7.133333384990692139e-02
3.510000109672546387e-01,-1.012666702270507812e+00,-5.266666784882545471e-02
3.706666529178619385e-01,-9.433333277702331543e-01,-5.566666647791862488e-02
3.910000026226043701e-01,-1.003000020980834961e+00,-3.099999949336051941e-02
3.479999899864196777e-01,-9.353333115577697754e-01,-6.233333423733711243e-02
3.899999856948852539e-01,-9.686666727066040039e-01,-5.366666615009307861e-02
3.743333220481872559e-01,-9.903333187103271484e-01,-3.233333304524421692e-02
3.616666793823242188e-01,-9.913333058357238770e-01,-7.633333653211593628e-02
3.810000121593475342e-01,-9.463333487510681152e-01,-5.200000107288360596e-02
3.813333213329315186e-01,-1.010666608810424805e+00,-3.200000151991844177e-02
3.666666746139526367e-01,-9.626666903495788574e-01,-2.333333343267440796e-02
3.659999966621398926e-01,-9.610000252723693848e-01,-2.999999932944774628e-02
3.773333430290222168e-01,-9.959999918937683105e-01,-1.666666753590106964e-02
3.429999947547912598e-01,-9.950000047683715820e-01,-1.366666704416275024e-02
3.470000028610229492e-01,-9.580000042915344238e-01,-9.999999776482582092e-03
3.639999926090240479e-01,-9.853333234786987305e-01,-3.000000026077032089e-03
3.423333466053009033e-01,-9.836666584014892578e-01,1.300000026822090149e-02
3.529999852180480957e-01,-9.306666851043701172e-01,2.833333425223827362e-02
3.779999911785125732e-01,-1.003000020980834961e+00,4.800000041723251343e-02
3.510000109672546387e-01,-9.549999833106994629e-01,3.299999982118606567e-02
3.619999885559082031e-01,-1.005666613578796387e+00,5.000000074505805969e-02
3.656666576862335205e-01,-9.940000176429748535e-01,4.399999976158142090e-02
3.706666529178619385e-01,-9.813333153724670410e-01,3.799999877810478210e-02
3.763333261013031006e-01,-9.616666436195373535e-01,5.166666582226753235e-02
3.586666584014892578e-01,-9.636666774749755859e-01,4.600000008940696716e-02
3.479999899864196777e-01,-9.689999818801879883e-01,3.333333507180213928e-02
3.693333268165588379e-01,-9.606666564941406250e-01,2.899999916553497314e-02
3.526666760444641113e-01,-1.006000041961669922e+00,1.266666688024997711e-02
3.569999933242797852e-01,-9.689999818801879883e-01,6.000000052154064178e-03
3.479999899864196777e-01,-9.826666712760925293e-01,2.233333326876163483e-02
3.423333466053009033e-01,-9.589999914169311523e-01,1.666666753590106964e-02
3.576666712760925293e-01,-9.879999756813049316e-01,-1.166666671633720398e-02
3.479999899864196777e-01,-1.000000000000000000e+00,-3.000000026077032089e-03
3.420000076293945312e-01,-9.706666469573974609e-01,2.000000094994902611e-03
3.569999933242797852e-01,-9.803333282470703125e-01,-8.000000379979610443e-03
3.373333215713500977e-01,-9.523333311080932617e-01,2.133333310484886169e-02
3.333333432674407959e-01,-9.980000257492065430e-01,2.733333408832550049e-02
3.766666650772094727e-01,-9.783333539962768555e-01,6.166666746139526367e-02
3.813333213329315186e-01,-1.023333311080932617e+00,7.333333045244216919e-02
3.453333377838134766e-01,-9.746666550636291504e-01,3.533333167433738708e-02
3.580000102519989014e-01,-9.436666369438171387e-01,2.733333408832550049e-02
3.639999926090240479e-01,-9.776666760444641113e-01,1.866666600108146667e-02
3.536666631698608398e-01,-9.386666417121887207e-01,3.900000080466270447e-02
3.696666657924652100e-01,-9.639999866485595703e-01,7.400000095367431641e-02
3.529999852180480957e-01,-1.000000000000000000e+00,3.900000080466270447e-02
3.560000061988830566e-01,-1.031333327293395996e+00,2.899999916553497314e-02
3.696666657924652100e-01,-1.000333309173583984e+00,3.000000026077032089e-03
3.813333213329315186e-01,-9.556666612625122070e-01,2.033333294093608856e-02
3.319999873638153076e-01,-9.403333067893981934e-01,2.633333392441272736e-02
3.529999852180480957e-01,-9.620000123977661133e-01,2.033333294093608856e-02
4.116666615009307861e-01,-1.023333311080932617e+00,-2.000000094994902611e-03
3.823333382606506348e-01,-9.756666421890258789e-01,1.566666737198829651e-02
3.606666624546051025e-01,-9.306666851043701172e-01,1.366666704416275024e-02
4.066666662693023682e-01,-9.826666712760925293e-01,5.366666615009307861e-02
4.163333475589752197e-01,-9.900000095367431641e-01,4.500000178813934326e-02
3.843333423137664795e-01,-9.900000095367431641e-01,9.666666388511657715e-03
3.970000147819519043e-01,-9.866666793823242188e-01,1.000000047497451305e-03
3.939999938011169434e-01,-9.413333535194396973e-01,2.833333425223827362e-02
4.020000100135803223e-01,-9.660000205039978027e-01,7.699999958276748657e-02
3.819999992847442627e-01,-9.570000171661376953e-01,4.666666686534881592e-02
3.799999952316284180e-01,-9.726666808128356934e-01,1.466666627675294876e-02
3.646666705608367920e-01,-9.570000171661376953e-01,8.999999612569808960e-03
3.899999856948852539e-01,-9.586666822433471680e-01,3.033333271741867065e-02
3.833333253860473633e-01,-9.556666612625122070e-01,5.866666510701179504e-02
4.076666533946990967e-01,-9.710000157356262207e-01,8.799999952316284180e-02
3.919999897480010986e-01,-9.906666874885559082e-01,1.016666665673255920e-01
4.009999930858612061e-01,-1.012666702270507812e+00,8.500000089406967163e-02
4.143333435058593750e-01,-9.720000028610229492e-01,8.500000089406967163e-02
3.696666657924652100e-01,-9.120000004768371582e-01,9.099999815225601196e-02
4.036666750907897949e-01,-9.620000123977661133e-01,1.199999973177909851e-01
3.703333437442779541e-01,-9.736666679382324219e-01,8.799999952316284180e-02
4.090000092983245850e-01,-1.001000046730041504e+00,6.233333423733711243e-02
3.680000007152557373e-01,-9.746666550636291504e-01,5.099999904632568359e-02
4.199999868869781494e-01,-9.863333106040954590e-01,9.866666793823242188e-02
3.829999864101409912e-01,-9.336666464805603027e-01,1.350000053644180298e-01
3.910000026226043701e-01,-9.629999995231628418e-01,1.426666676998138428e-01
3.510000109672546387e-01,-9.869999885559082031e-01,1.153333336114883423e-01
3.650000095367431641e-01,-9.620000123977661133e-01,1.183333322405815125e-01
3.400000035762786865e-01,-9.773333072662353516e-01,1.190000027418136597e-01
3.420000076293945312e-01,-9.736666679382324219e-01,1.230000033974647522e-01
3.479999899864196777e-01,-9.813333153724670410e-01,1.369999945163726807e-01
3.490000069141387939e-01,-9.616666436195373535e-01,1.573333293199539185e-01
3.529999852180480957e-01,-9.929999709129333496e-01,1.933333277702331543e-01
3.336666524410247803e-01,-9.913333058357238770e-01,1.623333394527435303e-01
3.293333351612091064e-01,-9.803333282470703125e-01,1.303333342075347900e-01
3.479999899864196777e-01,-1.014666676521301270e+00,1.086666658520698547e-01
3.149999976158142090e-01,-1.014333367347717285e+00,7.999999821186065674e-02
3.206666707992553711e-01,-1.023333311080932617e+00,6.566666811704635620e-02
3.293333351612091064e-01,-1.017333388328552246e+00,8.600000292062759399e-02
3.039999902248382568e-01,-9.480000138282775879e-01,9.200000017881393433e-02
3.409999907016754150e-01,-1.014666676521301270e+00,1.230000033974647522e-01
3.176666796207427979e-01,-9.813333153724670410e-01,1.036666631698608398e-01
3.236666619777679443e-01,-1.002666711807250977e+00,8.399999886751174927e-02
3.303333222866058350e-01,-9.876666665077209473e-01,6.133333221077919006e-02
3.059999942779541016e-01,-9.776666760444641113e-01,6.833333522081375122e-02
3.263333439826965332e-01,-9.990000128746032715e-01,1.023333296179771423e-01
3.499999940395355225e-01,-1.019333362579345703e+00,1.319999992847442627e-01
3.226666748523712158e-01,-1.031000018119812012e+00,9.799999743700027466e-02
3.293333351612091064e-01,-1.041000008583068848e+00,7.000000029802322388e-02
3.129999935626983643e-01,-9.919999837875366211e-01,5.266666784882545471e-02
3.170000016689300537e-01,-9.530000090599060059e-01,8.200000226497650146e-02
2.873333394527435303e-01,-9.210000038146972656e-01,9.300000220537185669e-02
3.120000064373016357e-01,-9.696666598320007324e-01,1.076666638255119324e-01
3.199999928474426270e-01,-1.008666634559631348e+00,9.566666930913925171e-02
3.179999887943267822e-01,-9.919999837875366211e-01,1.086666658520698547e-01
3.433333337306976318e-01,-9.823333621025085449e-01,1.669999957084655762e-01
3.400000035762786865e-01,-9.990000128746032715e-01,1.916666626930236816e-01
3.393333256244659424e-01,-9.919999837875366211e-01,1.609999984502792358e-01
3.499999940395355225e-01,-9.190000295639038086e-01,1.436666697263717651e-01
2.983333468437194824e-01,-9.043333530426025391e-01,1.323333382606506348e-01
3.423333466053009033e-01,-1.004999995231628418e+00,1.340000033378601074e-01
3.566666543483734131e-01,-1.006999969482421875e+00,1.689999997615814209e-01
3.763333261013031006e-01,-1.013666629791259766e+00,2.236666679382324219e-01
3.459999859333038330e-01,-1.004666686058044434e+00,2.093333303928375244e-01
3.353333473205566406e-01,-9.716666936874389648e-01,1.819999963045120239e-01
3.580000102519989014e-01,-9.620000123977661133e-01,2.003333270549774170e-01
3.293333351612091064e-01,-9.459999799728393555e-01,2.140000015497207642e-01
3.540000021457672119e-01,-9.766666889190673828e-01,1.946666687726974487e-01
3.353333473205566406e-01,-9.793333411216735840e-01,1.416666656732559204e-01
3.339999914169311523e-01,-9.706666469573974609e-01,1.406666636466979980e-01
3.350000083446502686e-01,-9.509999752044677734e-01,1.689999997615814209e-01
3.370000123977661133e-01,-9.373333454132080078e-01,1.700000017881393433e-01
3.313333392143249512e-01,-9.539999961853027344e-01,1.796666681766510010e-01
3.459999859333038330e-01,-9.893333315849304199e-01,1.669999957084655762e-01
3.470000028610229492e-01,-9.969999790191650391e-01,1.689999997615814209e-01
3.549999892711639404e-01,-9.733333587646484375e-01,1.876666694879531860e-01
3.560000061988830566e-01,-9.686666727066040039e-01,2.240000069141387939e-01
3.580000102519989014e-01,-1.008999943733215332e+00,2.366666644811630249e-01
3.666666746139526367e-01,-1.031333327293395996e+00,2.199999988079071045e-01
3.569999933242797852e-01,-9.549999833106994629e-01,1.926666647195816040e-01
3.499999940395355225e-01,-9.306666851043701172e-01,2.003333270549774170e-01
3.246666789054870605e-01,-9.430000185966491699e-01,1.959999948740005493e-01
3.803333342075347900e-01,-1.047000050544738770e+00,2.226666659116744995e-01
3.619999885559082031e-01,-1.000000000000000000e+00,2.073333263397216797e-01
3.490000069141387939e-01,-9.580000042915344238e-01,2.060000002384185791e-01
3.429999947547912598e-01,-9.383333325386047363e-01,2.160000056028366089e-01
3.540000021457672119e-01,-9.480000138282775879e-01,2.150000035762786865e-01
3.646666705608367920e-01,-1.006999969482421875e+00,1.933333277702331543e-01
3.383333384990692139e-01,-9.913333058357238770e-01,1.536666601896286011e-01
3.236666619777679443e-01,-9.670000076293945312e-01,8.900000154972076416e-02
3.413333296775817871e-01,-1.013666629791259766e+00,1.143333315849304199e-01
3.566666543483734131e-01,-1.052000045776367188e+00,9.200000017881393433e-02
3.429999947547912598e-01,-1.033333301544189453e+00,2.333333343267440796e-02
2.863333225250244141e-01,-8.846666812896728516e-01,-3.900000080466270447e-02
2.989999949932098389e-01,-9.200000166893005371e-01,-3.400000184774398804e-02
3.190000057220458984e-01,-9.893333315849304199e-01,-1.766666583716869354e-02
3.219999969005584717e-01,-1.000333309173583984e+00,-7.666666526347398758e-03
3.283333480358123779e-01,-1.051666617393493652e+00,-6.000000052154064178e-03
3.266666531562805176e-01,-1.008999943733215332e+00,-1.666666753590106964e-02
3.116666674613952637e-01,-9.553333520889282227e-01,-1.466666627675294876e-02
2.893333435058593750e-01,-9.639999866485595703e-01,9.999999776482582092e-03
3.236666619777679443e-01,-1.055666685104370117e+00,8.000000379979610443e-03
3.089999854564666748e-01,-1.039333343505859375e+00,-2.366666682064533234e-02
2.933333218097686768e-01,-1.001000046730041504e+00,-2.266666665673255920e-02
2.903333306312561035e-01,-9.806666374206542969e-01,-6.000000052154064178e-03
2.836666703224182129e-01,-9.959999918937683105e-01,-1.466666627675294876e-02
2.773333191871643066e-01,-9.943333268165588379e-01,-2.500000037252902985e-02
2.739999890327453613e-01,-1.023333311080932617e+00,-2.233333326876163483e-02
2.770000100135803223e-01,-1.020333290100097656e+00,-2.433333359658718109e-02
2.803333401679992676e-01,-9.959999918937683105e-01,-2.366666682064533234e-02
2.529999911785125732e-01,-9.856666922569274902e-01,-8.999999612569808960e-03
2.639999985694885254e-01,-1.014666676521301270e+00,5.099999904632568359e-02
2.730000019073486328e-01,-1.036333322525024414e+00,8.500000089406967163e-02
2.549999952316284180e-01,-1.009666681289672852e+00,9.399999678134918213e-02
2.720000147819519043e-01,-9.940000176429748535e-01,8.200000226497650146e-02
2.453333288431167603e-01,-9.959999918937683105e-01,5.966666713356971741e-02
2.540000081062316895e-01,-9.893333315849304199e-01,4.699999839067459106e-02
2.599999904632568359e-01,-9.483333230018615723e-01,6.333333253860473633e-02
2.529999911785125732e-01,-9.919999837875366211e-01,5.866666510701179504e-02
2.680000066757202148e-01,-1.046000003814697266e+00,4.766666516661643982e-02
2.716666758060455322e-01,-1.017333388328552246e+00,5.566666647791862488e-02
2.686666548252105713e-01,-9.969999790191650391e-01,8.399999886751174927e-02
2.770000100135803223e-01,-1.000000000000000000e+00,9.700000286102294922e-02
2.796666622161865234e-01,-1.024000048637390137e+00,8.799999952316284180e-02
2.766666710376739502e-01,-1.025333285331726074e+00,8.200000226497650146e-02
2.806666791439056396e-01,-1.029000043869018555e+00,9.300000220537185669e-02
2.919999957084655762e-01,-1.031000018119812012e+00,9.866666793823242188e-02
2.779999971389770508e-01,-9.919999837875366211e-01,8.699999749660491943e-02
2.776666581630706787e-01,-1.003666639328002930e+00,9.066666662693023682e-02
2.786666750907897949e-01,-9.726666808128356934e-01,9.200000017881393433e-02
2.756666541099548340e-01,-9.776666760444641113e-01,1.010000035166740417e-01
2.843333184719085693e-01,-9.950000047683715820e-01,1.120000034570693970e-01
2.853333353996276855e-01,-1.006999969482421875e+00,1.073333323001861572e-01
2.843333184719085693e-01,-1.003666639328002930e+00,1.066666692495346069e-01
2.933333218097686768e-01,-9.993333220481872559e-01,1.033333316445350647e-01
2.883333265781402588e-01,-9.869999885559082031e-01,1.163333356380462646e-01
2.960000038146972656e-01,-9.863333106040954590e-01,1.426666676998138428e-01
3.109999895095825195e-01,-9.823333621025085449e-01,1.433333307504653931e-01
2.903333306312561035e-01,-9.639999866485595703e-01,1.366666704416275024e-01
3.023333251476287842e-01,-9.823333621025085449e-01,1.650000065565109253e-01
3.303333222866058350e-01,-1.005666613578796387e+00,1.729999929666519165e-01
3.059999942779541016e-01,-9.823333621025085449e-01,1.386666595935821533e-01
2.973333299160003662e-01,-9.666666388511657715e-01,1.280000060796737671e-01
2.939999997615814209e-01,-9.803333282470703125e-01,1.289999932050704956e-01
3.166666626930236816e-01,-1.019666671752929688e+00,1.476666629314422607e-01
3.236666619777679443e-01,-9.913333058357238770e-01,1.260000020265579224e-01
2.913333475589752197e-01,-9.499999880790710449e-01,1.346666663885116577e-01
2.980000078678131104e-01,-9.179999828338623047e-01,1.416666656732559204e-01
3.100000023841857910e-01,-9.273333549499511719e-01,1.289999932050704956e-01
2.646666765213012695e-01,-9.160000085830688477e-01,8.399999886751174927e-02
3.050000071525573730e-01,-9.890000224113464355e-01,1.273333281278610229e-01
3.226666748523712158e-01,-9.626666903495788574e-01,1.713333278894424438e-01
3.206666707992553711e-01,-1.027333378791809082e+00,1.663333326578140259e-01
3.140000104904174805e-01,-1.014999985694885254e+00,1.083333343267440796e-01
2.910000085830688477e-01,-1.020333290100097656e+00,8.299999684095382690e-02
3.499999940395355225e-01,-9.856666922569274902e-01,1.260000020265579224e-01
2.639999985694885254e-01,-9.753333330154418945e-01,1.260000020265579224e-01
2.906666696071624756e-01,-1.082000017166137695e+00,1.270000040531158447e-01
3.449999988079071045e-01,-1.077999949455261230e+00,6.733333319425582886e-02
2.923333346843719482e-01,-9.836666584014892578e-01,6.066666543483734131e-02
2.716666758060455322e-01,-9.483333230018615723e-01,9.866666793823242188e-02
3.366666734218597412e-01,-1.056666612625122070e+00,1.163333356380462646e-01
3.186666667461395264e-01,-1.025333285331726074e+00,4.500000178813934326e-02
2.796666622161865234e-01,-8.750000000000000000e-01,5.200000107288360596e-02
2.583333253860473633e-01,-7.653333544731140137e-01,1.010000035166740417e-01
2.793333232402801514e-01,-8.556666374206542969e-01,1.473333388566970825e-01
3.109999895095825195e-01,-1.052999973297119141e+00,1.123333349823951721e-01
3.030000030994415283e-01,-1.109666705131530762e+00,5.466666817665100098e-02
3.379999995231628418e-01,-1.189333319664001465e+00,6.533333659172058105e-02
3.196666538715362549e-01,-1.121333360671997070e+00,7.299999892711639404e-02
3.129999935626983643e-01,-1.026333332061767578e+00,8.933333307504653931e-02
2.953333258628845215e-01,-9.620000123977661133e-01,9.866666793823242188e-02
3.059999942779541016e-01,-1.001999974250793457e+00,9.399999678134918213e-02
3.019999861717224121e-01,-1.051666617393493652e+00,5.766666680574417114e-02
2.953333258628845215e-01,-1.075000047683715820e+00,2.533333376049995422e-02
2.980000078678131104e-01,-1.056666612625122070e+00,-1.333333319053053856e-03
2.883333265781402588e-01,-1.001000046730041504e+00,-2.000000094994902611e-03
2.806666791439056396e-01,-9.833333492279052734e-01,-7.666666526347398758e-03
2.779999971389770508e-01,-1.000000000000000000e+00,-1.566666737198829651e-02
2.796666622161865234e-01,-1.023333311080932617e+00,-4.300000146031379700e-02
2.826666533946990967e-01,-1.054999947547912598e+00,-6.733333319425582886e-02
3.079999983310699463e-01,-1.095666646957397461e+00,-4.133333265781402588e-02
3.126666545867919922e-01,-1.052666664123535156e+00,-1.366666704416275024e-02
3.079999983310699463e-01,-1.033333301544189453e+00,2.133333310484886169e-02
2.949999868869781494e-01,-1.003000020980834961e+00,-1.366666704416275024e-02
2.726666629314422607e-01,-9.923333525657653809e-01,-4.199999943375587463e-02
2.960000038146972656e-01,-1.031333327293395996e+00,-4.800000041723251343e-02
2.910000085830688477e-01,-1.056666612625122070e+00,-4.899999871850013733e-02
2.913333475589752197e-01,-1.028333306312561035e+00,-4.899999871850013733e-02
2.893333435058593750e-01,-1.006000041961669922e+00,-3.133333474397659302e-02
2.903333306312561035e-01,-1.040333390235900879e+00,-3.700000047683715820e-02
2.853333353996276855e-01,-1.057666659355163574e+00,-7.133333384990692139e-02
2.759999930858612061e-01,-1.022333383560180664e+00,-5.766666680574417114e-02
2.989999949932098389e-01,-9.873333573341369629e-01,-2.166666649281978607e-02
2.863333225250244141e-01,-9.580000042915344238e-01,-1.200000010430812836e-02
2.700000107288360596e-01,-9.616666436195373535e-01,-2.700000070035457611e-02
2.786666750907897949e-01,-1.053666710853576660e+00,-6.933332979679107666e-02
2.823333442211151123e-01,-1.117333292961120605e+00,-1.173333302140235901e-01
2.833333313465118408e-01,-1.082999944686889648e+00,-9.700000286102294922e-02
3.076666593551635742e-01,-1.044000029563903809e+00,-2.266666665673255920e-02
2.980000078678131104e-01,-1.024333357810974121e+00,4.399999976158142090e-02
2.836666703224182129e-01,-1.026333332061767578e+00,1.000000047497451305e-03
2.720000147819519043e-01,-1.027333378791809082e+00,-6.733333319425582886e-02
2.540000081062316895e-01,-9.093333482742309570e-01,-1.866666600108146667e-02
2.893333435058593750e-01,-9.473333358764648438e-01,1.666666753590106964e-02
2.563333213329315186e-01,-9.919999837875366211e-01,4.100000113248825073e-02
2.989999949932098389e-01,-1.057666659355163574e+00,4.199999943375587463e-02
2.963333427906036377e-01,-1.031000018119812012e+00,5.633333325386047363e-02
2.910000085830688477e-01,-1.058666706085205078e+00,4.800000041723251343e-02
3.046666681766510010e-01,-1.023666620254516602e+00,6.366666406393051147e-02
2.949999868869781494e-01,-9.833333492279052734e-01,8.500000089406967163e-02
3.059999942779541016e-01,-9.746666550636291504e-01,6.733333319425582886e-02
2.786666750907897949e-01,-9.733333587646484375e-01,7.900000363588333130e-02
3.053333461284637451e-01,-1.036000013351440430e+00,8.299999684095382690e-02
3.089999854564666748e-01,-1.029999971389770508e+00,7.033333182334899902e-02
3.000000119209289551e-01,-1.017666697502136230e+00,8.600000292062759399e-02
3.136666715145111084e-01,-9.866666793823242188e-01,1.036666631698608398e-01
3.050000071525573730e-01,-9.513333439826965332e-01,1.280000060796737671e-01
3.176666796207427979e-01,-9.853333234786987305e-01,1.309999972581863403e-01
3.059999942779541016e-01,-1.031000018119812012e+00,7.533333450555801392e-02
3.030000030994415283e-01,-9.326666593551635742e-01,8.900000154972076416e-02
3.196666538715362549e-01,-9.060000181198120117e-01,1.560000032186508179e-01
3.389999866485595703e-01,-1.011999964714050293e+00,1.933333277702331543e-01
3.246666789054870605e-01,-1.055999994277954102e+00,1.153333336114883423e-01
3.206666707992553711e-01,-9.736666679382324219e-01,8.100000023841857910e-02
3.166666626930236816e-01,-9.129999876022338867e-01,1.393333375453948975e-01
3.246666789054870605e-01,-9.686666727066040039e-01,1.976666599512100220e-01
3.353333473205566406e-01,-1.030333280563354492e+00,1.759999990463256836e-01
3.316666781902313232e-01,-1.030333280563354492e+00,1.513333320617675781e-01
3.353333473205566406e-01,-9.753333330154418945e-01,1.513333320617675781e-01
3.293333351612091064e-01,-9.610000252723693848e-01,1.710000038146972656e-01
3.300000131130218506e-01,-1.003666639328002930e+00,1.669999957084655762e-01
3.196666538715362549e-01,-1.013666629791259766e+00,1.143333315849304199e-01
3.160000145435333252e-01,-9.606666564941406250e-01,1.250000000000000000e-01
3.179999887943267822e-01,-9.509999752044677734e-01,1.506666690111160278e-01
3.039999902248382568e-01,-9.169999957084655762e-01,1.400000005960464478e-01
3.129999935626983643e-01,-9.499999880790710449e-01,1.389999985694885254e-01
3.109999895095825195e-01,-1.006666660308837891e+00,1.280000060796737671e-01
3.199999928474426270e-01,-1.008999943733215332e+00,1.536666601896286011e-01
3.470000028610229492e-01,-1.008666634559631348e+00,2.150000035762786865e-01
3.420000076293945312e-01,-1.041000008583068848e+00,1.613333374261856079e-01
2.969999909400939941e-01,-9.873333573341369629e-01,8.466666936874389648e-02
3.120000064373016357e-01,-9.240000247955322266e-01,1.103333309292793274e-01
3.070000112056732178e-01,-9.073333144187927246e-01,1.446666717529296875e-01
3.089999854564666748e-01,-9.549999833106994629e-01,1.653333306312561035e-01
3.199999928474426270e-01,-9.813333153724670410e-01,1.589999943971633911e-01
3.206666707992553711e-01,-1.006999969482421875e+00,1.503333300352096558e-01
3.190000057220458984e-01,-1.042000055313110352e+00,1.406666636466979980e-01
3.146666586399078369e-01,-1.009666681289672852e+00,1.190000027418136597e-01
2.960000038146972656e-01,-9.296666383743286133e-01,1.103333309292793274e-01
2.960000038146972656e-01,-9.383333325386047363e-01,1.379999965429306030e-01
3.030000030994415283e-01,-1.007666707038879395e+00,1.360000073909759521e-01
2.989999949932098389e-01,-1.031000018119812012e+00,1.190000027418136597e-01
3.019999861717224121e-01,-1.013666629791259766e+00,1.040000021457672119e-01
2.893333435058593750e-01,-9.503333568572998047e-01,1.270000040531158447e-01
2.989999949932098389e-01,-9.696666598320007324e-01,1.526666730642318726e-01
2.846666574478149414e-01,-1.000000000000000000e+00,1.330000013113021851e-01
2.823333442211151123e-01,-1.020333290100097656e+00,8.299999684095382690e-02
2.696666717529296875e-01,-9.980000257492065430e-01,8.799999952316284180e-02
2.816666662693023682e-01,-1.007666707038879395e+00,1.230000033974647522e-01
2.770000100135803223e-01,-9.559999704360961914e-01,1.340000033378601074e-01
2.610000073909759521e-01,-9.443333148956298828e-01,1.289999932050704956e-01
2.579999864101409912e-01,-1.009999990463256836e+00,1.436666697263717651e-01
2.756666541099548340e-01,-1.117333292961120605e+00,1.213333308696746826e-01
2.786666750907897949e-01,-1.048666715621948242e+00,9.700000286102294922e-02
2.426666617393493652e-01,-9.089999794960021973e-01,1.233333349227905273e-01
2.386666685342788696e-01,-9.606666564941406250e-01,1.770000010728836060e-01
2.553333342075347900e-01,-1.037999987602233887e+00,1.586666703224182129e-01
2.529999911785125732e-01,-9.893333315849304199e-01,1.203333362936973572e-01
2.329999953508377075e-01,-9.413333535194396973e-01,1.209999993443489075e-01
2.386666685342788696e-01,-1.006000041961669922e+00,1.389999985694885254e-01
2.660000026226043701e-01,-1.044999957084655762e+00,1.506666690111160278e-01
2.630000114440917969e-01,-1.023333311080932617e+00,1.609999984502792358e-01
2.619999945163726807e-01,-1.004666686058044434e+00,1.800000071525573730e-01
2.540000081062316895e-01,-1.001000046730041504e+00,1.906666606664657593e-01
2.573333382606506348e-01,-1.024333357810974121e+00,1.669999957084655762e-01
2.639999985694885254e-01,-1.018666625022888184e+00,1.319999992847442627e-01
2.489999979734420776e-01,-9.919999837875366211e-01,1.503333300352096558e-01
2.560000121593475342e-01,-9.639999866485595703e-01,1.630000025033950806e-01
2.406666725873947144e-01,-9.240000247955322266e-01,1.369999945163726807e-01
2.296666651964187622e-01,-9.786666631698608398e-01,1.230000033974647522e-01
2.373333275318145752e-01,-1.042666673660278320e+00,1.396666616201400757e-01
2.619999945163726807e-01,-1.037999987602233887e+00,1.493333280086517334e-01
2.590000033378601074e-01,-1.009666681289672852e+00,1.580000072717666626e-01
2.310000061988830566e-01,-9.929999709129333496e-01,1.270000040531158447e-01
2.336666733026504517e-01,-9.890000224113464355e-01,1.000000014901161194e-01
2.366666644811630249e-01,-9.783333539962768555e-01,9.499999880790710449e-02
2.469999939203262329e-01,-1.014666676521301270e+00,1.083333343267440796e-01
2.509999871253967285e-01,-1.016666650772094727e+00,1.360000073909759521e-01
2.549999952316284180e-01,-1.004666686058044434e+00,1.389999985694885254e-01
2.489999979734420776e-01,-9.720000028610229492e-01,1.299999952316284180e-01
2.396666705608367920e-01,-9.656666517257690430e-01,1.299999952316284180e-01
2.590000033378601074e-01,-1.012666702270507812e+00,1.476666629314422607e-01
2.709999978542327881e-01,-1.029999971389770508e+00,1.523333340883255005e-01
2.766666710376739502e-01,-1.032999992370605469e+00,1.543333381414413452e-01
2.750000059604644775e-01,-9.929999709129333496e-01,1.503333300352096558e-01
2.569999992847442627e-01,-9.756666421890258789e-01,1.436666697263717651e-01
2.630000114440917969e-01,-9.823333621025085449e-01,1.360000073909759521e-01
2.569999992847442627e-01,-9.959999918937683105e-01,1.369999945163726807e-01
2.660000026226043701e-01,-9.950000047683715820e-01,1.416666656732559204e-01
2.630000114440917969e-01,-9.816666841506958008e-01,1.209999993443489075e-01
2.529999911785125732e-01,-9.736666679382324219e-01,1.190000027418136597e-01
2.639999985694885254e-01,-1.003999948501586914e+00,1.180000007152557373e-01
2.730000019073486328e-01,-1.031333327293395996e+00,1.496666669845581055e-01
2.826666533946990967e-01,-1.064333319664001465e+00,1.623333394527435303e-01
2.689999938011169434e-01,-9.940000176429748535e-01,1.400000005960464478e-01
2.336666733026504517e-01,-9.326666593551635742e-01,1.043333336710929871e-01
2.240000069141387939e-01,-9.696666598320007324e-01,1.006666645407676697e-01
2.513333261013031006e-01,-1.020666718482971191e+00,1.223333328962326050e-01
2.520000040531158447e-01,-1.041000008583068848e+00,1.239999979734420776e-01
2.503333389759063721e-01,-9.843333363533020020e-01,1.289999932050704956e-01
2.306666672229766846e-01,-9.606666564941406250e-01,1.280000060796737671e-01
2.220000028610229492e-01,-9.853333234786987305e-01,1.103333309292793274e-01
2.210000008344650269e-01,-1.023333311080932617e+00,1.096666678786277771e-01
2.326666712760925293e-01,-1.008000016212463379e+00,1.153333336114883423e-01
2.386666685342788696e-01,-9.776666760444641113e-01,1.270000040531158447e-01
2.396666705608367920e-01,-1.049999952316284180e+00,1.366666704416275024e-01
2.656666636466979980e-01,-1.065333366394042969e+00,1.289999932050704956e-01
2.443333268165588379e-01,-9.499999880790710449e-01,1.173333302140235901e-01
2.033333331346511841e-01,-9.373333454132080078e-01,7.800000160932540894e-02
2.266666740179061890e-01,-1.010666608810424805e+00,1.016666665673255920e-01
2.569999992847442627e-01,-1.060666680335998535e+00,8.699999749660491943e-02
2.619999945163726807e-01,-1.054666638374328613e+00,1.123333349823951721e-01
2.310000061988830566e-01,-9.559999704360961914e-01,9.866666793823242188e-02
2.199999988079071045e-01,-9.313333630561828613e-01,9.300000220537185669e-02
2.269999980926513672e-01,-9.980000257492065430e-01,9.566666930913925171e-02
2.356666624546051025e-01,-1.018333315849304199e+00,1.066666692495346069e-01
2.453333288431167603e-01,-1.047999978065490723e+00,1.203333362936973572e-01
2.599999904632568359e-01,-1.076333284378051758e+00,1.396666616201400757e-01
2.533333301544189453e-01,-1.036333322525024414e+00,1.360000073909759521e-01
2.363333404064178467e-01,-1.019333362579345703e+00,1.386666595935821533e-01
2.503333389759063721e-01,-1.027333378791809082e+00,1.543333381414413452e-01
2.246666699647903442e-01,-9.629999995231628418e-01,1.230000033974647522e-01
2.249999940395355225e-01,-9.666666388511657715e-01,8.699999749660491943e-02
2.073333263397216797e-01,-9.593333601951599121e-01,1.046666651964187622e-01
2.560000121593475342e-01,-1.060666680335998535e+00,1.233333349227905273e-01
2.569999992847442627e-01,-1.029333353042602539e+00,1.299999952316284180e-01
2.326666712760925293e-01,-9.333333373069763184e-01,1.213333308696746826e-01
1.906666606664657593e-01,-7.896666526794433594e-01,9.600000083446502686e-02
1.746666729450225830e-01,-7.466666698455810547e-01,1.496666669845581055e-01
2.286666631698608398e-01,-9.929999709129333496e-01,1.633333265781402588e-01
2.823333442211151123e-01,-1.204333305358886719e+00,1.993333399295806885e-01
2.863333225250244141e-01,-1.274666666984558105e+00,1.220000013709068298e-01
2.413333356380462646e-01,-1.089666724205017090e+00,9.499999880790710449e-02
2.280000001192092896e-01,-9.636666774749755859e-01,1.066666692495346069e-01
2.160000056028366089e-01,-9.110000133514404297e-01,1.486666649580001831e-01
2.249999940395355225e-01,-9.639999866485595703e-01,1.476666629314422607e-01
2.383333295583724976e-01,-1.034999966621398926e+00,1.203333362936973572e-01
2.353333383798599243e-01,-1.038333296775817871e+00,1.140000000596046448e-01
2.226666659116744995e-01,-9.940000176429748535e-01,1.173333302140235901e-01
2.119999974966049194e-01,-9.833333492279052734e-01,1.250000000000000000e-01
2.423333376646041870e-01,-1.020333290100097656e+00,1.563333272933959961e-01
2.403333336114883423e-01,-9.836666584014892578e-01,1.886666715145111084e-01
2.776666581630706787e-01,-1.019666671752929688e+00,1.866666674613952637e-01
2.276666611433029175e-01,-9.766666889190673828e-01,1.406666636466979980e-01
2.426666617393493652e-01,-1.042000055313110352e+00,1.220000013709068298e-01
2.503333389759063721e-01,-9.813333153724670410e-01,1.396666616201400757e-01
2.579999864101409912e-01,-1.004999995231628418e+00,1.653333306312561035e-01
2.386666685342788696e-01,-9.706666469573974609e-01,1.679999977350234985e-01
2.460000067949295044e-01,-1.000000000000000000e+00,1.503333300352096558e-01
2.423333376646041870e-01,-1.014333367347717285e+00,1.319999992847442627e-01
2.513333261013031006e-01,-1.018666625022888184e+00,1.153333336114883423e-01
2.419999986886978149e-01,-1.016999959945678711e+00,1.153333336114883423e-01
2.443333268165588379e-01,-1.010666608810424805e+00,1.260000020265579224e-01
2.440000027418136597e-01,-1.033333301544189453e+00,1.209999993443489075e-01
2.540000081062316895e-01,-1.036999940872192383e+00,9.499999880790710449e-02
2.236666679382324219e-01,-9.950000047683715820e-01,9.566666930913925171e-02
2.259999960660934448e-01,-1.016666650772094727e+00,9.566666930913925171e-02
2.306666672229766846e-01,-1.031000018119812012e+00,8.200000226497650146e-02
2.129999995231628418e-01,-1.013666629791259766e+00,6.166666746139526367e-02
2.103333324193954468e-01,-9.736666679382324219e-01,7.033333182334899902e-02
2.230000048875808716e-01,-1.022666692733764648e+00,8.866667002439498901e-02
2.090000063180923462e-01,-1.025333285331726074e+00,1.073333323001861572e-01
2.356666624546051025e-01,-1.029333353042602539e+00,1.190000027418136597e-01
2.286666631698608398e-01,-1.020333290100097656e+00,1.340000033378601074e-01
2.286666631698608398e-01,-1.022333383560180664e+00,1.270000040531158447e-01
2.236666679382324219e-01,-1.022666692733764648e+00,1.326666623353958130e-01
2.109999954700469971e-01,-9.576666951179504395e-01,1.123333349823951721e-01
2.169999927282333374e-01,-9.969999790191650391e-01,1.483333259820938110e-01
2.119999974966049194e-01,-1.038333296775817871e+00,1.493333280086517334e-01
2.319999933242797852e-01,-1.039999961853027344e+00,1.299999952316284180e-01
2.286666631698608398e-01,-1.026333332061767578e+00,1.239999979734420776e-01
2.129999995231628418e-01,-9.599999785423278809e-01,1.306666731834411621e-01
2.103333324193954468e-01,-9.829999804496765137e-01,1.623333394527435303e-01
2.166666686534881592e-01,-1.013666629791259766e+00,1.263333261013031006e-01
2.383333295583724976e-01,-1.063333392143249512e+00,1.136666685342788696e-01
2.129999995231628418e-01,-9.833333492279052734e-01,1.220000013709068298e-01
2.433333396911621094e-01,-9.933333396911621094e-01,1.506666690111160278e-01
2.246666699647903442e-01,-9.873333573341369629e-01,1.553333401679992676e-01
2.356666624546051025e-01,-1.042999982833862305e+00,1.239999979734420776e-01
2.443333268165588379e-01,-1.083999991416931152e+00,1.086666658520698547e-01
2.373333275318145752e-01,-1.018333315849304199e+00,9.566666930913925171e-02
2.316666692495346069e-01,-9.473333358764648438e-01,1.446666717529296875e-01
2.266666740179061890e-01,-9.453333616256713867e-01,1.566666662693023682e-01
2.169999927282333374e-01,-1.025333285331726074e+00,1.213333308696746826e-01
2.393333315849304199e-01,-1.062333345413208008e+00,8.200000226497650146e-02
2.649999856948852539e-01,-1.008000016212463379e+00,6.433333456516265869e-02
2.579999864101409912e-01,-1.016333341598510742e+00,8.033332973718643188e-02
2.656666636466979980e-01,-9.819999933242797852e-01,8.399999886751174927e-02
2.806666791439056396e-01,-1.015333294868469238e+00,8.299999684095382690e-02
2.873333394527435303e-01,-1.017666697502136230e+00,6.533333659172058105e-02
2.883333265781402588e-01,-1.031333327293395996e+00,8.100000023841857910e-02
2.860000133514404297e-01,-9.739999771118164062e-01,8.399999886751174927e-02
2.863333225250244141e-01,-9.660000205039978027e-01,9.600000083446502686e-02
2.750000059604644775e-01,-9.860000014305114746e-01,7.433333247900009155e-02
2.806666791439056396e-01,-9.990000128746032715e-01,7.699999958276748657e-02
2.933333218097686768e-01,-1.060333371162414551e+00,5.833333358168601990e-02
2.816666662693023682e-01,-1.000000000000000000e+00,5.099999904632568359e-02
2.989999949932098389e-01,-1.048666715621948242e+00,6.899999827146530151e-02
2.766666710376739502e-01,-1.009666681289672852e+00,5.866666510701179504e-02
2.933333218097686768e-01,-1.024333357810974121e+00,6.833333522081375122e-02
3.146666586399078369e-01,-1.016666650772094727e+00,8.600000292062759399e-02
2.903333306312561035e-01,-9.110000133514404297e-01,9.866666793823242188e-02
2.756666541099548340e-01,-9.039999842643737793e-01,1.159999966621398926e-01
2.796666622161865234e-01,-9.673333168029785156e-01,1.010000035166740417e-01
3.100000023841857910e-01,-1.119333386421203613e+00,8.600000292062759399e-02
3.129999935626983643e-01,-1.023333311080932617e+00,7.733333110809326172e-02
3.000000119209289551e-01,-9.969999790191650391e-01,8.200000226497650146e-02
2.919999957084655762e-01,-9.940000176429748535e-01,8.799999952316284180e-02
2.833333313465118408e-01,-9.990000128746032715e-01,8.699999749660491943e-02
3.050000071525573730e-01,-1.003000020980834961e+00,9.300000220537185669e-02
2.793333232402801514e-01,-9.793333411216735840e-01,9.600000083446502686e-02
2.770000100135803223e-01,-9.903333187103271484e-01,1.133333370089530945e-01
2.680000066757202148e-01,-1.005666613578796387e+00,1.180000007152557373e-01
2.736666798591613770e-01,-9.963333606719970703e-01,1.093333363533020020e-01
2.649999856948852539e-01,-9.793333411216735840e-01,1.270000040531158447e-01
2.500000000000000000e-01,-1.013666629791259766e+00,1.183333322405815125e-01
2.529999911785125732e-01,-1.052999973297119141e+00,1.046666651964187622e-01
2.520000040531158447e-01,-1.064333319664001465e+00,8.299999684095382690e-02
2.460000067949295044e-01,-9.509999752044677734e-01,1.036666631698608398e-01
2.346666604280471802e-01,-9.403333067893981934e-01,1.299999952316284180e-01
2.109999954700469971e-01,-9.940000176429748535e-01,1.093333363533020020e-01
2.346666604280471802e-01,-1.051666617393493652e+00,7.999999821186065674e-02
2.336666733026504517e-01,-1.052666664123535156e+00,6.266666948795318604e-02
2.376666665077209473e-01,-9.679999947547912598e-01,1.010000035166740417e-01
2.236666679382324219e-01,-9.873333573341369629e-01,1.456666737794876099e-01
1.650000065565109253e-01,-9.903333187103271484e-01,9.600000083446502686e-02
2.060000002384185791e-01,-1.073666691780090332e+00,1.053333356976509094e-01
2.336666733026504517e-01,-1.036999940872192383e+00,4.699999839067459106e-02
2.266666740179061890e-01,-1.034333348274230957e+00,7.999999821186065674e-02
2.240000069141387939e-01,-9.736666679382324219e-01,9.399999678134918213e-02
2.290000021457672119e-01,-1.018333315849304199e+00,1.116666644811630249e-01
2.460000067949295044e-01,-1.002666711807250977e+00,1.066666692495346069e-01
2.189999967813491821e-01,-1.020666718482971191e+00,9.799999743700027466e-02
2.346666604280471802e-01,-1.026000022888183594e+00,7.800000160932540894e-02
2.300000041723251343e-01,-1.031333327293395996e+00,6.733333319425582886e-02
2.329999953508377075e-01,-9.980000257492065430e-01,8.500000089406967163e-02
2.280000001192092896e-01,-9.836666584014892578e-01,1.153333336114883423e-01
2.356666624546051025e-01,-1.001999974250793457e+00,1.260000020265579224e-01
2.296666651964187622e-01,-1.004666686058044434e+00,1.289999932050704956e-01
2.386666685342788696e-01,-1.011666655540466309e+00,1.180000007152557373e-01
2.440000027418136597e-01,-1.007666707038879395e+00,1.260000020265579224e-01
2.286666631698608398e-01,-1.032333374023437500e+00,1.250000000000000000e-01
2.383333295583724976e-01,-1.001999974250793457e+00,1.123333349823951721e-01
2.356666624546051025e-01,-1.050666689872741699e+00,1.169999986886978149e-01
2.249999940395355225e-01,-9.969999790191650391e-01,9.600000083446502686e-02
2.336666733026504517e-01,-1.021666646003723145e+00,1.026666685938835144e-01
2.150000035762786865e-01,-9.646666646003723145e-01,9.200000017881393433e-02
2.290000021457672119e-01,-1.036333322525024414e+00,1.046666651964187622e-01
2.160000056028366089e-01,-9.940000176429748535e-01,8.900000154972076416e-02
2.356666624546051025e-01,-1.047666668891906738e+00,1.106666699051856995e-01
2.169999927282333374e-01,-1.006000041961669922e+00,1.103333309292793274e-01
2.356666624546051025e-01,-1.001999974250793457e+00,1.280000060796737671e-01
2.246666699647903442e-01,-1.017333388328552246e+00,1.350000053644180298e-01
2.246666699647903442e-01,-1.000000000000000000e+00,1.143333315849304199e-01
2.450000047683715820e-01,-1.017666697502136230e+00,1.220000013709068298e-01
2.430000007152557373e-01,-1.008666634559631348e+00,1.199999973177909851e-01
2.529999911785125732e-01,-1.030333280563354492e+00,1.239999979734420776e-01
2.509999871253967285e-01,-9.863333106040954590e-01,1.260000020265579224e-01
2.569999992847442627e-01,-1.003000020980834961e+00,1.389999985694885254e-01
2.386666685342788696e-01,-9.649999737739562988e-01,1.410000026226043701e-01
2.533333301544189453e-01,-1.009666681289672852e+00,1.420000046491622925e-01
2.386666685342788696e-01,-1.000333309173583984e+00,1.230000033974647522e-01
2.450000047683715820e-01,-1.028666615486145020e+00,1.169999986886978149e-01
2.326666712760925293e-01,-9.943333268165588379e-01,1.389999985694885254e-01
2.269999980926513672e-01,-1.057999968528747559e+00,1.456666737794876099e-01
1.973333358764648438e-01,-9.649999737739562988e-01,1.299999952316284180e-01
2.053333371877670288e-01,-1.050666689872741699e+00,1.426666676998138428e-01
1.630000025033950806e-01,-1.018333315849304199e+00,1.299999952316284180e-01
1.790000051259994507e-01,-1.047666668891906738e+00,1.369999945163726807e-01
1.850000023841857910e-01,-1.024333357810974121e+00,1.239999979734420776e-01
1.866666674613952637e-01,-1.029666662216186523e+00,1.513333320617675781e-01
1.876666694879531860e-01,-9.980000257492065430e-01,1.330000013113021851e-01
2.109999954700469971e-01,-1.037999987602233887e+00,1.299999952316284180e-01
2.346666604280471802e-01,-1.021333336830139160e+00,1.270000040531158447e-01
2.119999974966049194e-01,-1.010666608810424805e+00,1.076666638255119324e-01
2.033333331346511841e-01,-9.943333268165588379e-01,1.123333349823951721e-01
1.886666715145111084e-01,-1.001000046730041504e+00,1.049999967217445374e-01
1.973333358764648438e-01,-1.014333367347717285e+00,1.190000027418136597e-01
2.133333384990692139e-01,-1.046000003814697266e+00,1.289999932050704956e-01
2.109999954700469971e-01,-1.001000046730041504e+00,1.250000000000000000e-01
2.099999934434890747e-01,-1.007666707038879395e+00,1.486666649580001831e-01
2.070000022649765015e-01,-9.933333396911621094e-01,1.319999992847442627e-01
1.983333379030227661e-01,-1.013666629791259766e+00,1.220000013709068298e-01
1.986666619777679443e-01,-1.047000050544738770e+00,1.046666651964187622e-01
2.123333364725112915e-01,-1.033333301544189453e+00,1.030000001192092896e-01
2.080000042915344238e-01,-1.032999992370605469e+00,9.000000357627868652e-02
2.210000008344650269e-01,-1.004666686058044434e+00,1.123333349823951721e-01
2.179999947547912598e-01,-1.018666625022888184e+00,1.136666685342788696e-01
2.199999988079071045e-01,-1.018333315849304199e+00,1.289999932050704956e-01
2.150000035762786865e-01,-9.846666455268859863e-01,1.076666638255119324e-01
